source,page,url,date,sentence_id,sentence
everlane_web,cleaner-fashion,https://www.everlane.com/pages/cleaner-fashion,2026-05-19,0,SUSTAINABILITY ICONS
everlane_web,cleaner-fashion,https://www.everlane.com/pages/cleaner-fashion,2026-05-19,1,Cleaner Fashion
everlane_web,cleaner-fashion,https://www.everlane.com/pages/cleaner-fashion,2026-05-19,2,"At Everlane, we carefully consider our materials and work with our production partners to reduce waste, minimize natural resource use, and remove harmful chemicals and plastics."
everlane_web,cleaner-fashion,https://www.everlane.com/pages/cleaner-fashion,2026-05-19,3,"To share the sustainability efforts behind each of our products, we created these 10 icons and placed them on relevant pages throughout our site, so you can follow along on our journey to clean up the industry."
everlane_web,cleaner-fashion,https://www.everlane.com/pages/cleaner-fashion,2026-05-19,4,Organic Cotton
everlane_web,cleaner-fashion,https://www.everlane.com/pages/cleaner-fashion,2026-05-19,5,"Currently, over 75% of our cotton use is certified organic."
everlane_web,cleaner-fashion,https://www.everlane.com/pages/cleaner-fashion,2026-05-19,6,"Using organic cotton means cleaner and lower water usage, lower pesticide use, healthier soil, and a safer working environment for cotton farmers, compared to conventional cotton production."
everlane_web,cleaner-fashion,https://www.everlane.com/pages/cleaner-fashion,2026-05-19,7,We utilize Textile Exchange's Organic Content Standard (OCS) and other leading industry organic manufacturing standards to certify applicable products from farm to finished garment.
everlane_web,cleaner-fashion,https://www.everlane.com/pages/cleaner-fashion,2026-05-19,8,SHOP NOW
everlane_web,cleaner-fashion,https://www.everlane.com/pages/cleaner-fashion,2026-05-19,9,Cleaner Cotton
everlane_web,cleaner-fashion,https://www.everlane.com/pages/cleaner-fashion,2026-05-19,10,"Because of organic cotton’s scarcity, we began exploring other innovative alternatives to conventional cotton."
everlane_web,cleaner-fashion,https://www.everlane.com/pages/cleaner-fashion,2026-05-19,11,"Styles marked with this icon contain regenerative organic cotton, regenerative cotton, in-conversion organic cotton, or recycled cotton—all of which are in greater supply and still have reduced chemical, water-use, and emissions impact on the planet, compared to conventional cotton."
everlane_web,cleaner-fashion,https://www.everlane.com/pages/cleaner-fashion,2026-05-19,12,Renewed Materials
everlane_web,cleaner-fashion,https://www.everlane.com/pages/cleaner-fashion,2026-05-19,13,Styles marked with this icon utilize at least 50% recycled content.
everlane_web,cleaner-fashion,https://www.everlane.com/pages/cleaner-fashion,2026-05-19,14,"Wherever we can, we use recycled materials to lower our carbon footprint and reduce waste."
everlane_web,cleaner-fashion,https://www.everlane.com/pages/cleaner-fashion,2026-05-19,15,"Currently, 97% of the polyester and nylon we use comes from certified recycled sources."
everlane_web,cleaner-fashion,https://www.everlane.com/pages/cleaner-fashion,2026-05-19,16,"Using recycled materials repurposes resources, reduces inputs, and diverts would-be-waste materials away from landfills."
everlane_web,cleaner-fashion,https://www.everlane.com/pages/cleaner-fashion,2026-05-19,17,Reduced Water Usage
everlane_web,cleaner-fashion,https://www.everlane.com/pages/cleaner-fashion,2026-05-19,18,"Styles marked with this icon use innovative water-saving production techniques, including water reduction, water recycling and reuse, and wastewater capture and treatment."
everlane_web,cleaner-fashion,https://www.everlane.com/pages/cleaner-fashion,2026-05-19,19,"Our partner factories drastically reduce their consumption by capturing, purifying, and reusing the water from dye and wash processes."
everlane_web,cleaner-fashion,https://www.everlane.com/pages/cleaner-fashion,2026-05-19,20,Cleaner Chemistry
everlane_web,cleaner-fashion,https://www.everlane.com/pages/cleaner-fashion,2026-05-19,21,"To manage the chemicals used in our global supply chain, styles marked with this icon incorporate either bluesign®, GOTS, or GRS restricted-substance standards, all of which maintain restricted substance lists (RSLs) of harmful chemicals that are not permitted in the processing of our garments."
everlane_web,cleaner-fashion,https://www.everlane.com/pages/cleaner-fashion,2026-05-19,22,Cleaner Leather
everlane_web,cleaner-fashion,https://www.everlane.com/pages/cleaner-fashion,2026-05-19,23,Styles marked with this icon are sourced from a tannery rated Gold or Silver by the Leather Working Group (LWG)—the highest ratings a tannery can receive for demonstrating best practices in environmental compliance and performance capabilities.
everlane_web,cleaner-fashion,https://www.everlane.com/pages/cleaner-fashion,2026-05-19,24,Bio-Based “Leather”
everlane_web,cleaner-fashion,https://www.everlane.com/pages/cleaner-fashion,2026-05-19,25,"Styles marked with this icon are made with innovative next-gen materials from bio-based alternatives like cactus, mushrooms, and biofabricated plant oils, which combine the quality of traditional leather craftsmanship with a lower environmental footprint, compared to virgin animal leather."
everlane_web,cleaner-fashion,https://www.everlane.com/pages/cleaner-fashion,2026-05-19,26,Animal Welfare
everlane_web,cleaner-fashion,https://www.everlane.com/pages/cleaner-fashion,2026-05-19,27,"Certified by the Responsible Wool Standard and Responsible Alpaca Standard respectively, the wool or alpaca in styles marked with this icon is sourced from a farm that follows the 12 Provisions of Animal Welfare Quality."
everlane_web,cleaner-fashion,https://www.everlane.com/pages/cleaner-fashion,2026-05-19,28,"This ensures all animals are treated humanely and maintains a strong chain of custody for garments as they move through the supply chain to guarantee visibility as well as protect soil health, biodiversity, and native species on farms."
everlane_web,cleaner-fashion,https://www.everlane.com/pages/cleaner-fashion,2026-05-19,29,Responsible Forestry
everlane_web,cleaner-fashion,https://www.everlane.com/pages/cleaner-fashion,2026-05-19,30,"Sourced from FSC-certified forests, styles marked with this icon utilize man-made cellulosic fibers which are rated GREEN or higher by Canopy’s Hot Button Report."
everlane_web,cleaner-fashion,https://www.everlane.com/pages/cleaner-fashion,2026-05-19,31,"This means they surpassed audit standards for forest conservation techniques, chemical, air, and emissions management, and traceability and transparent sourcing."
everlane_web,cleaner-fashion,https://www.everlane.com/pages/cleaner-fashion,2026-05-19,32,Ever-Better Factory
everlane_web,cleaner-fashion,https://www.everlane.com/pages/cleaner-fashion,2026-05-19,33,"In addition to meeting baseline standards for social accountability, wages, benefits, and health and safety, styles marked with this icon are produced at a factory that goes above and beyond to prioritize environmental management systems and reduce its impact on the planet."
everlane_web,cleaner-fashion,https://www.everlane.com/pages/cleaner-fashion,2026-05-19,34,Over 80% of our products meet at least one of the above criteria and we are working hard to make it 100% by 2025.
everlane_web,cleaner-fashion,https://www.everlane.com/pages/cleaner-fashion,2026-05-19,35,READ OUR IMPACT REPORT
everlane_web,sustainability,https://www.everlane.com/pages/sustainability,2026-05-19,0,Fashioning A Better Future
everlane_web,sustainability,https://www.everlane.com/pages/sustainability,2026-05-19,1,We're on a mission to clean up the industry.
everlane_web,sustainability,https://www.everlane.com/pages/sustainability,2026-05-19,2,It's a movement we're calling Cleaner Fashion.
everlane_web,sustainability,https://www.everlane.com/pages/sustainability,2026-05-19,3,"We're all about putting our principles into practice, making fashion more responsible, and weaving a more sustainable future—for your wardrobe and the planet."
everlane_web,sustainability,https://www.everlane.com/pages/sustainability,2026-05-19,4,Our Sustainability Pillars
everlane_web,sustainability,https://www.everlane.com/pages/sustainability,2026-05-19,5,"We use a three-pillar framework to guide our environmental and social efforts, which are aligned to the United Nations’ Sustainable Development Goals (SDGs):"
everlane_web,sustainability,https://www.everlane.com/pages/sustainability,2026-05-19,6,Keep Earth Clean
everlane_web,sustainability,https://www.everlane.com/pages/sustainability,2026-05-19,7,"We’re focused on fewer inputs and cleaner outputs—reducing natural resource consumption, minimizing waste and pollution, and prioritizing safer chemistry across our value chain."
everlane_web,sustainability,https://www.everlane.com/pages/sustainability,2026-05-19,8,Keep Earth Cool
everlane_web,sustainability,https://www.everlane.com/pages/sustainability,2026-05-19,9,"We’ve committed to climate reduction targets approved by the Science Based Targets Initiative, to reduce our greenhouse gas emissions by more than 50% per-product by 2030, and achieve Net-Zero emissions by (or before!)"
everlane_web,sustainability,https://www.everlane.com/pages/sustainability,2026-05-19,10,2050.
everlane_web,sustainability,https://www.everlane.com/pages/sustainability,2026-05-19,11,Do Right By People
everlane_web,sustainability,https://www.everlane.com/pages/sustainability,2026-05-19,12,"We’re working to enhance worker livelihood, achieve gender equality, and promote fair living wages."
everlane_web,sustainability,https://www.everlane.com/pages/sustainability,2026-05-19,13,We’re also supporting community impacts at the intersection of social and environmental needs through our Black Friday Fund.
everlane_web,sustainability,https://www.everlane.com/pages/sustainability,2026-05-19,14,LEARN MORE
everlane_web,sustainability,https://www.everlane.com/pages/sustainability,2026-05-19,15,Making a Difference
everlane_web,sustainability,https://www.everlane.com/pages/sustainability,2026-05-19,16,We’re staying true to our radically transparent roots and breaking down the efforts behind every aspect of our business—from our products to our processes and partners—in a manner that doesn’t sound like a science textbook.
everlane_web,sustainability,https://www.everlane.com/pages/sustainability,2026-05-19,17,Explore below to learn more (no PhD required):
everlane_web,sustainability,https://www.everlane.com/pages/sustainability,2026-05-19,18,Ever-Better Factories
everlane_web,sustainability,https://www.everlane.com/pages/sustainability,2026-05-19,19,INSIDE OUR FACTORIES
everlane_web,sustainability,https://www.everlane.com/pages/sustainability,2026-05-19,20,Our Path to Net-Zero
everlane_web,sustainability,https://www.everlane.com/pages/sustainability,2026-05-19,21,OUR CLIMATE COMMITMENTS
everlane_web,sustainability,https://www.everlane.com/pages/sustainability,2026-05-19,22,Materials Matter
everlane_web,sustainability,https://www.everlane.com/pages/sustainability,2026-05-19,23,WHAT WE'RE MADE OF
everlane_web,sustainability,https://www.everlane.com/pages/sustainability,2026-05-19,24,We’re Good Partners
everlane_web,sustainability,https://www.everlane.com/pages/sustainability,2026-05-19,25,OUR SOCIAL RESPONSIBILITY
everlane_web,sustainability,https://www.everlane.com/pages/sustainability,2026-05-19,26,OUR PURPOSE
everlane_web,sustainability,https://www.everlane.com/pages/sustainability,2026-05-19,27,Empower people to live their best lives with the least impact on the planet.
everlane_web,sustainability,https://www.everlane.com/pages/sustainability,2026-05-19,28,Highlights
everlane_web,sustainability,https://www.everlane.com/pages/sustainability,2026-05-19,29,Start spreading the news.
everlane_web,sustainability,https://www.everlane.com/pages/sustainability,2026-05-19,30,These are the giant leaps we’ve made in our small steps towards fashioning a better future.
everlane_web,sustainability,https://www.everlane.com/pages/sustainability,2026-05-19,31,AWARD
everlane_web,sustainability,https://www.everlane.com/pages/sustainability,2026-05-19,32,Everlane: Recipient of the Glossy Fashion Awards Sustainable Brand of the Year.
everlane_web,sustainability,https://www.everlane.com/pages/sustainability,2026-05-19,33,We received the highest score in Remake’s 2024 Fashion Accountability Report.
everlane_web,sustainability,https://www.everlane.com/pages/sustainability,2026-05-19,34,READ MORE
everlane_web,sustainability,https://www.everlane.com/pages/sustainability,2026-05-19,35,EVERWORLD STORY
everlane_web,sustainability,https://www.everlane.com/pages/sustainability,2026-05-19,36,Black Friday Fund 2023: Kickstarting regenerative grazing with the New Zealand Merino Company.
everlane_web,sustainability,https://www.everlane.com/pages/sustainability,2026-05-19,37,Cleaner Fashion
everlane_web,sustainability,https://www.everlane.com/pages/sustainability,2026-05-19,38,"To share the sustainability efforts behind each of our products, we created 10 icons and placed them on relevant pages throughout our site, so you can follow along on our journey to clean up the industry."
everlane_web,sustainability,https://www.everlane.com/pages/sustainability,2026-05-19,39,LATEST INITIATIVE
everlane_web,sustainability,https://www.everlane.com/pages/sustainability,2026-05-19,40,Our Annual Impact Report
everlane_web,sustainability,https://www.everlane.com/pages/sustainability,2026-05-19,41,We believe in progress over perfection.
everlane_web,sustainability,https://www.everlane.com/pages/sustainability,2026-05-19,42,"Each year, our Impact Report reflects back on our wins in sustainability while also looking ahead with plans for an even better tomorrow."
everlane_web,sustainability,https://www.everlane.com/pages/sustainability,2026-05-19,43,We believe in progress over perfection.
everlane_web,sustainability,https://www.everlane.com/pages/sustainability,2026-05-19,44,"Each year, our Impact Report reflects back on our wins in sustainability while also looking ahead with plans for an even better tomorrow."
everlane_web,sustainability,https://www.everlane.com/pages/sustainability,2026-05-19,45,"Sustainability Certifications, Awards & Memberships"
everlane_web,sustainability,https://www.everlane.com/pages/sustainability,2026-05-19,46,We work with some amazing partners and industry experts.
everlane_web,sustainability,https://www.everlane.com/pages/sustainability,2026-05-19,47,Our certifications and collaborations help us keep it 100 with you (and ourselves) as we march towards reducing our impact on the planet.
everlane_web,sustainability-pillars,https://www.everlane.com/pages/sustainability-pillars,2026-05-19,0,THE EVERLANE ETHOS
everlane_web,sustainability-pillars,https://www.everlane.com/pages/sustainability-pillars,2026-05-19,1,We're Getting Down
everlane_web,sustainability-pillars,https://www.everlane.com/pages/sustainability-pillars,2026-05-19,2,to Earth
everlane_web,sustainability-pillars,https://www.everlane.com/pages/sustainability-pillars,2026-05-19,3,We're Getting Down
everlane_web,sustainability-pillars,https://www.everlane.com/pages/sustainability-pillars,2026-05-19,4,to Earth
everlane_web,sustainability-pillars,https://www.everlane.com/pages/sustainability-pillars,2026-05-19,5,"At Everlane, we’re not big on trends."
everlane_web,sustainability-pillars,https://www.everlane.com/pages/sustainability-pillars,2026-05-19,6,"We design timeless staples that you can wear forever and then pass down, instead of toss out."
everlane_web,sustainability-pillars,https://www.everlane.com/pages/sustainability-pillars,2026-05-19,7,It’s our way of fashioning a better future.
everlane_web,sustainability-pillars,https://www.everlane.com/pages/sustainability-pillars,2026-05-19,8,"Inspired by the ease of American fashion and our Californian roots, our design tenets are built in opposition to the fast-fashion model—combining intelligent choices and elevated style with high quality, low maintenance materials that have a minimal impact on the environment to create products that are Purposefully Designed, Beautifully Functional, and Consciously Crafted."
everlane_web,sustainability-pillars,https://www.everlane.com/pages/sustainability-pillars,2026-05-19,9,"Purposefully Designed, Beautifully Functional, and Consciously Crafted."
everlane_web,sustainability-pillars,https://www.everlane.com/pages/sustainability-pillars,2026-05-19,10,Purposefully Designed.
everlane_web,sustainability-pillars,https://www.everlane.com/pages/sustainability-pillars,2026-05-19,11,Beautifully Functional.
everlane_web,sustainability-pillars,https://www.everlane.com/pages/sustainability-pillars,2026-05-19,12,Consciously Crafted.
everlane_web,sustainability-pillars,https://www.everlane.com/pages/sustainability-pillars,2026-05-19,13,"We want people to buy less, but buy better, so our customers can enjoy a long life with their Everlane favorites—and even have a second (or third!)"
everlane_web,sustainability-pillars,https://www.everlane.com/pages/sustainability-pillars,2026-05-19,14,life beyond their initial purchase.
everlane_web,sustainability-pillars,https://www.everlane.com/pages/sustainability-pillars,2026-05-19,15,"To do this, we source premium, lower impact materials, pay particular attention to construction details, intentionally think about how people can care for their items to increase longevity, and put our products through rigorous quality and performance testing."
everlane_web,sustainability-pillars,https://www.everlane.com/pages/sustainability-pillars,2026-05-19,16,"Our approach is to make every product as responsibly made with the least impact as possible, and we aim to take accountability for all our inputs and outputs."
everlane_web,sustainability-pillars,https://www.everlane.com/pages/sustainability-pillars,2026-05-19,17,"We want people to buy less, but buy better, so our customers can enjoy a long life with their Everlane favorites—and even have a second (or third!)"
everlane_web,sustainability-pillars,https://www.everlane.com/pages/sustainability-pillars,2026-05-19,18,life beyond their initial purchase.
everlane_web,sustainability-pillars,https://www.everlane.com/pages/sustainability-pillars,2026-05-19,19,"To do this, we source premium, lower impact materials, pay particular attention to construction details, intentionally think about how people can care for their items to increase longevity, and put our products through rigorous quality and performance testing."
everlane_web,sustainability-pillars,https://www.everlane.com/pages/sustainability-pillars,2026-05-19,20,"Our approach is to make every product as responsibly made with the least impact as possible, and we aim to take accountability for all our inputs and outputs."
everlane_web,sustainability-pillars,https://www.everlane.com/pages/sustainability-pillars,2026-05-19,21,We're not just talking the talk; we're walking the walk.
everlane_web,sustainability-pillars,https://www.everlane.com/pages/sustainability-pillars,2026-05-19,22,"At every step across our supply chain and operations, we're working to reduce our impact on the environment and enhance worker livelihood."
everlane_web,sustainability-pillars,https://www.everlane.com/pages/sustainability-pillars,2026-05-19,23,"We use a simple, three-pillar framework to guide our environmental and social efforts, which are aligned to the United Nations’ Sustainable Development Goals (SDGs): Keep Earth Clean, Keep Earth Cool, and Do Right By People."
everlane_web,sustainability-pillars,https://www.everlane.com/pages/sustainability-pillars,2026-05-19,24,"At every step across our supply chain and operations, we're working to reduce our impact on the environment and enhance worker livelihood."
everlane_web,sustainability-pillars,https://www.everlane.com/pages/sustainability-pillars,2026-05-19,25,"We use a simple, three-pillar framework to guide our environmental and social efforts, which are aligned to the United Nations’ Sustainable Development Goals (SDGs): Keep Earth Clean, Keep Earth Cool, and Do Right By People."
everlane_web,sustainability-pillars,https://www.everlane.com/pages/sustainability-pillars,2026-05-19,26,Keep Earth Clean
everlane_web,sustainability-pillars,https://www.everlane.com/pages/sustainability-pillars,2026-05-19,27,We’re prioritizing fewer inputs and cleaner outputs in our processes.
everlane_web,sustainability-pillars,https://www.everlane.com/pages/sustainability-pillars,2026-05-19,28,We’re focusing these efforts across our business and investing in systems to better measure and understand our impacts—from the fields where our raw materials are grown to the final touches added in the production process.
everlane_web,sustainability-pillars,https://www.everlane.com/pages/sustainability-pillars,2026-05-19,29,We're not just talking the talk; we're walking the walk.
everlane_web,sustainability-pillars,https://www.everlane.com/pages/sustainability-pillars,2026-05-19,30,"At every step, we're working to reduce our impact on the environment."
everlane_web,sustainability-pillars,https://www.everlane.com/pages/sustainability-pillars,2026-05-19,31,Our Priorities
everlane_web,sustainability-pillars,https://www.everlane.com/pages/sustainability-pillars,2026-05-19,32,MINIMIZE WASTE AND POLLUTION
everlane_web,sustainability-pillars,https://www.everlane.com/pages/sustainability-pillars,2026-05-19,33,Increase recycled content in our designs and partner with facilities that are reducing textile waste and treating wastewater.
everlane_web,sustainability-pillars,https://www.everlane.com/pages/sustainability-pillars,2026-05-19,34,REDUCE NATURAL RESOURCE CONSUMPTION
everlane_web,sustainability-pillars,https://www.everlane.com/pages/sustainability-pillars,2026-05-19,35,Prioritize materials and processes that inherently use less water and energy while adopting energy efficiency measures and water recycling processes across our factory base.
everlane_web,sustainability-pillars,https://www.everlane.com/pages/sustainability-pillars,2026-05-19,36,PRIORITIZE SAFER CHEMISTRY
everlane_web,sustainability-pillars,https://www.everlane.com/pages/sustainability-pillars,2026-05-19,37,Safer chemical inputs yield safer chemical outputs and protect workers and downstream ecosystems in the process.
everlane_web,sustainability-pillars,https://www.everlane.com/pages/sustainability-pillars,2026-05-19,38,Keep Earth Cool
everlane_web,sustainability-pillars,https://www.everlane.com/pages/sustainability-pillars,2026-05-19,39,"Humans are emitting far too much carbon into the atmosphere, and it’s destabilizing Earth’s climate."
everlane_web,sustainability-pillars,https://www.everlane.com/pages/sustainability-pillars,2026-05-19,40,"The science is clear: We can still save the planet, but we have to work fast—and work together."
everlane_web,sustainability-pillars,https://www.everlane.com/pages/sustainability-pillars,2026-05-19,41,"We need to reduce carbon emissions to limit warming to 1.5°C, as called for in the Paris Agreement."
everlane_web,sustainability-pillars,https://www.everlane.com/pages/sustainability-pillars,2026-05-19,42,"To achieve this goal and hold ourselves accountable, we set bold climate reduction targets in 2021, aligned with and approved by the Science Based Targets Initiative (SBTi), to drastically reduce our emissions relative to our 2019 baseline."
everlane_web,sustainability-pillars,https://www.everlane.com/pages/sustainability-pillars,2026-05-19,43,Our Science-Based Targets
everlane_web,sustainability-pillars,https://www.everlane.com/pages/sustainability-pillars,2026-05-19,44,SCOPE 3 EMISSIONS
everlane_web,sustainability-pillars,https://www.everlane.com/pages/sustainability-pillars,2026-05-19,45,55% GHG reduction per-unit by 2030.
everlane_web,sustainability-pillars,https://www.everlane.com/pages/sustainability-pillars,2026-05-19,46,SCOPE 1 & 2 EMISSIONS
everlane_web,sustainability-pillars,https://www.everlane.com/pages/sustainability-pillars,2026-05-19,47,46% absolute GHG reduction by 2030.
everlane_web,sustainability-pillars,https://www.everlane.com/pages/sustainability-pillars,2026-05-19,48,NET-ZERO EMISSIONS
everlane_web,sustainability-pillars,https://www.everlane.com/pages/sustainability-pillars,2026-05-19,49,Achieve net-zero emissions by 2050 (or sooner).
everlane_web,sustainability-pillars,https://www.everlane.com/pages/sustainability-pillars,2026-05-19,50,Read more about our carbon commitment and progress on our Carbon Commitment page.
everlane_web,sustainability-pillars,https://www.everlane.com/pages/sustainability-pillars,2026-05-19,51,READ MORE
everlane_web,sustainability-pillars,https://www.everlane.com/pages/sustainability-pillars,2026-05-19,52,Do Right By People
everlane_web,sustainability-pillars,https://www.everlane.com/pages/sustainability-pillars,2026-05-19,53,"We’re working to enhance worker livelihood, achieve gender equality, promote fair living wages across our value chain, and support community impacts at the intersection of social and environmental needs."
everlane_web,sustainability-pillars,https://www.everlane.com/pages/sustainability-pillars,2026-05-19,54,"Across our internal operations and external supply chain partners, we are building and carrying out programs to do right by our people."
everlane_web,sustainability-pillars,https://www.everlane.com/pages/sustainability-pillars,2026-05-19,55,FAIR WAGES
everlane_web,sustainability-pillars,https://www.everlane.com/pages/sustainability-pillars,2026-05-19,56,"Partner with third parties to perform pay audits and benchmarks, as we work towards achieving living wages."
everlane_web,sustainability-pillars,https://www.everlane.com/pages/sustainability-pillars,2026-05-19,57,GENDER EQUALITY
everlane_web,sustainability-pillars,https://www.everlane.com/pages/sustainability-pillars,2026-05-19,58,Promote gender equality and empowerment through equal opportunities and equal pay.
everlane_web,sustainability-pillars,https://www.everlane.com/pages/sustainability-pillars,2026-05-19,59,"We prioritize partnering with factories that ensure female workers have access to child care assistance, parental leave, or flexible working arrangements."
everlane_web,sustainability-pillars,https://www.everlane.com/pages/sustainability-pillars,2026-05-19,60,EQUITY AND INCLUSIVITY
everlane_web,sustainability-pillars,https://www.everlane.com/pages/sustainability-pillars,2026-05-19,61,Foster an inclusive work environment through standardized DEI policies and internal training.
everlane_web,sustainability-pillars,https://www.everlane.com/pages/sustainability-pillars,2026-05-19,62,COMMUNITY ENGAGEMENT
everlane_web,sustainability-pillars,https://www.everlane.com/pages/sustainability-pillars,2026-05-19,63,Partner with external organizations to fund and participate in social and environmental efforts in our communities.
everlane_web,sustainability-pillars,https://www.everlane.com/pages/sustainability-pillars,2026-05-19,64,The Global Goals for Sustainable Development
everlane_web,sustainability-pillars,https://www.everlane.com/pages/sustainability-pillars,2026-05-19,65,"We aligned our three pillars and key priorities to the 17 United Nations’ Sustainable Development Goals (SDGs), and we partnered with leading organizations to help us set rigorous and quantifiable goals and verify our progress."
everlane_web,sustainability-pillars,https://www.everlane.com/pages/sustainability-pillars,2026-05-19,66,"In line with our three pillars, we are prioritizing SDGs for which we feel we can make the most meaningful contributions:"
everlane_web,sustainability-pillars,https://www.everlane.com/pages/sustainability-pillars,2026-05-19,67,"We aligned our three pillars and key priorities to the 17 United Nations’ Sustainable Development Goals (SDGs), and we partnered with leading organizations to help us set rigorous and quantifiable goals and verify our progress."
everlane_web,sustainability-pillars,https://www.everlane.com/pages/sustainability-pillars,2026-05-19,68,"In line with our three pillars, we are prioritizing SDGs for which we feel we can make the most meaningful contributions:"
everlane_web,sustainability-pillars,https://www.everlane.com/pages/sustainability-pillars,2026-05-19,69,SDG 5 - Gender Equality
everlane_web,sustainability-pillars,https://www.everlane.com/pages/sustainability-pillars,2026-05-19,70,SDG 6 - Clean Water & Sanitation
everlane_web,sustainability-pillars,https://www.everlane.com/pages/sustainability-pillars,2026-05-19,71,SDG 8 - Decent Work & Economic Growth
everlane_web,sustainability-pillars,https://www.everlane.com/pages/sustainability-pillars,2026-05-19,72,SDG 12 - Responsible Consumption & Production
everlane_web,sustainability-pillars,https://www.everlane.com/pages/sustainability-pillars,2026-05-19,73,SDG 13 - Climate Action
everlane_web,sustainability-pillars,https://www.everlane.com/pages/sustainability-pillars,2026-05-19,74,SDG 5 - Gender Equality
everlane_web,sustainability-pillars,https://www.everlane.com/pages/sustainability-pillars,2026-05-19,75,SDG 6 - Clean Water & Sanitation
everlane_web,sustainability-pillars,https://www.everlane.com/pages/sustainability-pillars,2026-05-19,76,SDG 8 - Decent Work & Economic Growth
everlane_web,sustainability-pillars,https://www.everlane.com/pages/sustainability-pillars,2026-05-19,77,SDG 12 - Responsible Consumption & Production
everlane_web,sustainability-pillars,https://www.everlane.com/pages/sustainability-pillars,2026-05-19,78,SDG 13 - Climate Action
everlane_web,sustainability-pillars,https://www.everlane.com/pages/sustainability-pillars,2026-05-19,79,LEARN MORE
everlane_web,sustainability-pillars,https://www.everlane.com/pages/sustainability-pillars,2026-05-19,80,Our Impact Report
everlane_web,sustainability-pillars,https://www.everlane.com/pages/sustainability-pillars,2026-05-19,81,We believe in progress over perfection.
everlane_web,sustainability-pillars,https://www.everlane.com/pages/sustainability-pillars,2026-05-19,82,"Each year, our Impact Report reflects back on our wins in sustainability"
everlane_web,sustainability-pillars,https://www.everlane.com/pages/sustainability-pillars,2026-05-19,83,while also looking ahead with plans for an even better tomorrow.
everlane_web,sustainability-pillars,https://www.everlane.com/pages/sustainability-pillars,2026-05-19,84,We believe in progress over perfection.
everlane_web,sustainability-pillars,https://www.everlane.com/pages/sustainability-pillars,2026-05-19,85,"Each year, our Impact Report reflects back on our wins in sustainability"
everlane_web,sustainability-pillars,https://www.everlane.com/pages/sustainability-pillars,2026-05-19,86,while also looking ahead with plans for an even better tomorrow.
everlane_web,sustainability-pillars,https://www.everlane.com/pages/sustainability-pillars,2026-05-19,87,"When It Comes to Sustainability, We're Oversharers"
everlane_web,sustainability-pillars,https://www.everlane.com/pages/sustainability-pillars,2026-05-19,88,Get all the details about our efforts to clean up the industry—from our partners to our processes.
everlane_web,sustainability-pillars,https://www.everlane.com/pages/sustainability-pillars,2026-05-19,89,Our Preferred Materials
everlane_web,sustainability-pillars,https://www.everlane.com/pages/sustainability-pillars,2026-05-19,90,"We’re committed to using certified recycled, organic, renewable, and responsibly-sourced materials."
everlane_web,sustainability-pillars,https://www.everlane.com/pages/sustainability-pillars,2026-05-19,91,Cleaner Fashion
everlane_web,sustainability-pillars,https://www.everlane.com/pages/sustainability-pillars,2026-05-19,92,We created 10 icons to showcase our sustainability efforts behind our products.
everlane_web,sustainability-pillars,https://www.everlane.com/pages/sustainability-pillars,2026-05-19,93,The Black Friday Fund
everlane_web,sustainability-pillars,https://www.everlane.com/pages/sustainability-pillars,2026-05-19,94,"Since we launched the Fund in 2014, we have raised over $1.5 million to support our partners."
everlane_web,supply-chain,https://www.everlane.com/pages/supply-chain,2026-05-19,0,Everlane Supply Chain Transparency Disclosures
everlane_web,supply-chain,https://www.everlane.com/pages/supply-chain,2026-05-19,1,CA SB657: Supply Chain Transparency Act
everlane_web,supply-chain,https://www.everlane.com/pages/supply-chain,2026-05-19,2,"At Everlane, we have always worked to ensure ethical working conditions throughout our supply chain."
everlane_web,supply-chain,https://www.everlane.com/pages/supply-chain,2026-05-19,3,"We make in-person factory visits and require independent, third-party audits to verify that the environment is as safe and healthy as it was presented to us."
everlane_web,supply-chain,https://www.everlane.com/pages/supply-chain,2026-05-19,4,"In accordance with the California Supply Chain Transparency Act, the following are the actions we take to ensure that human trafficking and slavery do not exist anywhere in our supply chain."
everlane_web,supply-chain,https://www.everlane.com/pages/supply-chain,2026-05-19,5,1.
everlane_web,supply-chain,https://www.everlane.com/pages/supply-chain,2026-05-19,6,Verification
everlane_web,supply-chain,https://www.everlane.com/pages/supply-chain,2026-05-19,7,"At a minimum, disclose to what extent, if any, that the retail seller or manufacturer engages in verification of product supply chains to evaluate and address risks of human trafficking and slavery."
everlane_web,supply-chain,https://www.everlane.com/pages/supply-chain,2026-05-19,8,The disclosure shall specify if the verification was not conducted by a third party.
everlane_web,supply-chain,https://www.everlane.com/pages/supply-chain,2026-05-19,9,"Everlane requires all direct suppliers to go through annual compliance audits, as well as quarterly observation audits, which are performed by an accredited third-party auditing firm."
everlane_web,supply-chain,https://www.everlane.com/pages/supply-chain,2026-05-19,10,"These audits focus on assessing working and living conditions of the workers, verifying wages and ensuring workers are paid according to the hours worked, ensuring health and safety aspects in the working and living environments are properly maintained as well as making sure all documents and records are available, valid, and verified."
everlane_web,supply-chain,https://www.everlane.com/pages/supply-chain,2026-05-19,11,1.
everlane_web,supply-chain,https://www.everlane.com/pages/supply-chain,2026-05-19,12,Verification
everlane_web,supply-chain,https://www.everlane.com/pages/supply-chain,2026-05-19,13,"At a minimum, disclose to what extent, if any, that the retail seller or manufacturer engages in verification of product supply chains to evaluate and address risks of human trafficking and slavery."
everlane_web,supply-chain,https://www.everlane.com/pages/supply-chain,2026-05-19,14,The disclosure shall specify if the verification was not conducted by a third party.
everlane_web,supply-chain,https://www.everlane.com/pages/supply-chain,2026-05-19,15,"Everlane requires all direct suppliers to go through annual compliance audits, as well as quarterly observation audits, which are performed by an accredited third-party auditing firm."
everlane_web,supply-chain,https://www.everlane.com/pages/supply-chain,2026-05-19,16,"These audits focus on assessing working and living conditions of the workers, verifying wages and ensuring workers are paid according to the hours worked, ensuring health and safety aspects in the working and living environments are properly maintained as well as making sure all documents and records are available, valid, and verified."
everlane_web,supply-chain,https://www.everlane.com/pages/supply-chain,2026-05-19,17,- Everlane shares our Vendor Code of Conduct (VCOC) with all of our direct suppliers and requires this to be displayed in a central location at the factory.
everlane_web,supply-chain,https://www.everlane.com/pages/supply-chain,2026-05-19,18,"The VCOC has been translated into the major languages used along our supply chain (English, Spanish, Italian, Chinese Simplified, and Vietnamese)."
everlane_web,supply-chain,https://www.everlane.com/pages/supply-chain,2026-05-19,19,"- Prior to starting a business relationship with Everlane, direct suppliers are required to complete vendor profiles providing information regarding social responsibility, including, but not limited to, standard hours worked per employee per week, minimum age of workers, disciplinary procedures, and preventative actions against forced or imprisoned labor."
everlane_web,supply-chain,https://www.everlane.com/pages/supply-chain,2026-05-19,20,This document allows Everlane to evaluate risk at the early stages of a new partnership.
everlane_web,supply-chain,https://www.everlane.com/pages/supply-chain,2026-05-19,21,- Everlane shares our Vendor Code of Conduct (VCOC) with all of our direct suppliers and requires this to be displayed in a central location at the factory.
everlane_web,supply-chain,https://www.everlane.com/pages/supply-chain,2026-05-19,22,"The VCOC has been translated into the major languages used along our supply chain (English, Spanish, Italian, Chinese Simplified, and Vietnamese)."
everlane_web,supply-chain,https://www.everlane.com/pages/supply-chain,2026-05-19,23,"- Prior to starting a business relationship with Everlane, direct suppliers are required to complete vendor profiles providing information regarding social responsibility, including, but not limited to, standard hours worked per employee per week, minimum age of workers, disciplinary procedures, and preventative actions against forced or imprisoned labor."
everlane_web,supply-chain,https://www.everlane.com/pages/supply-chain,2026-05-19,24,This document allows Everlane to evaluate risk at the early stages of a new partnership.
everlane_web,supply-chain,https://www.everlane.com/pages/supply-chain,2026-05-19,25,2.
everlane_web,supply-chain,https://www.everlane.com/pages/supply-chain,2026-05-19,26,Audits
everlane_web,supply-chain,https://www.everlane.com/pages/supply-chain,2026-05-19,27,"At a minimum, disclose to what extent, if any, that the retail seller or manufacturer conducts audits of suppliers to evaluate supplier compliance with company standards for human trafficking and slavery in supply chains."
everlane_web,supply-chain,https://www.everlane.com/pages/supply-chain,2026-05-19,28,"The disclosure shall specify if the verification was not an independent, unannounced audit."
everlane_web,supply-chain,https://www.everlane.com/pages/supply-chain,2026-05-19,29,2.
everlane_web,supply-chain,https://www.everlane.com/pages/supply-chain,2026-05-19,30,Audits
everlane_web,supply-chain,https://www.everlane.com/pages/supply-chain,2026-05-19,31,"At a minimum, disclose to what extent, if any, that the retail seller or manufacturer conducts audits of suppliers to evaluate supplier compliance with company standards for human trafficking and slavery in supply chains."
everlane_web,supply-chain,https://www.everlane.com/pages/supply-chain,2026-05-19,32,"The disclosure shall specify if the verification was not an independent, unannounced audit."
everlane_web,supply-chain,https://www.everlane.com/pages/supply-chain,2026-05-19,33,"- Full audits occur annually and is semi-announced (the factory is given a 10-day window where the audit could occur), conducted by an accredited third-party auditing firm."
everlane_web,supply-chain,https://www.everlane.com/pages/supply-chain,2026-05-19,34,"The audit focuses on labor, wages/hours, health and safety, management systems and environment."
everlane_web,supply-chain,https://www.everlane.com/pages/supply-chain,2026-05-19,35,"The auditors perform in-person interviews, both one-on-one and in groups in the local language in order to better understand the working conditions and feedback that workers may have about working at the facility."
everlane_web,supply-chain,https://www.everlane.com/pages/supply-chain,2026-05-19,36,The auditor reviews payroll and attendance records in order to ensure that compensation both meets legal minimums and workers are paid for the correct hours & overtime.
everlane_web,supply-chain,https://www.everlane.com/pages/supply-chain,2026-05-19,37,"- Additional quarterly unannounced observational audits are performed based solely on visual observation, focusing on labor and health and safety requirements."
everlane_web,supply-chain,https://www.everlane.com/pages/supply-chain,2026-05-19,38,Observation audits provide good insight into daily and routine practices at the facility.
everlane_web,supply-chain,https://www.everlane.com/pages/supply-chain,2026-05-19,39,"- CAPs (Corrective Action Plans) are required to address any non-compliance findings and allows Everlane to work directly with the suppliers towards a solution to either correct, improve, or enhance systems and procedures within the facility."
everlane_web,supply-chain,https://www.everlane.com/pages/supply-chain,2026-05-19,40,"- Everlane conducts all annual audits using an expanded sampling, which provides a larger representation of the wages/hours data at each facility."
everlane_web,supply-chain,https://www.everlane.com/pages/supply-chain,2026-05-19,41,- Members of the Everlane supply chain team have participated in multiple audits and worker interviews.
everlane_web,supply-chain,https://www.everlane.com/pages/supply-chain,2026-05-19,42,"- Full audits occur annually and is semi-announced (the factory is given a 10-day window where the audit could occur), conducted by an accredited third-party auditing firm."
everlane_web,supply-chain,https://www.everlane.com/pages/supply-chain,2026-05-19,43,"The audit focuses on labor, wages/hours, health and safety, management systems and environment."
everlane_web,supply-chain,https://www.everlane.com/pages/supply-chain,2026-05-19,44,"The auditors perform in-person interviews, both one-on-one and in groups in the local language in order to better understand the working conditions and feedback that workers may have about working at the facility."
everlane_web,supply-chain,https://www.everlane.com/pages/supply-chain,2026-05-19,45,The auditor reviews payroll and attendance records in order to ensure that compensation both meets legal minimums and workers are paid for the correct hours & overtime.
everlane_web,supply-chain,https://www.everlane.com/pages/supply-chain,2026-05-19,46,"- Additional quarterly unannounced observational audits are performed based solely on visual observation, focusing on labor and health and safety requirements."
everlane_web,supply-chain,https://www.everlane.com/pages/supply-chain,2026-05-19,47,Observation audits provide good insight into daily and routine practices at the facility.
everlane_web,supply-chain,https://www.everlane.com/pages/supply-chain,2026-05-19,48,"- CAPs (Corrective Action Plans) are required to address any non-compliance findings and allows Everlane to work directly with the suppliers towards a solution to either correct, improve, or enhance systems and procedures within the facility."
everlane_web,supply-chain,https://www.everlane.com/pages/supply-chain,2026-05-19,49,"- Everlane conducts all annual audits using an expanded sampling, which provides a larger representation of the wages/hours data at each facility."
everlane_web,supply-chain,https://www.everlane.com/pages/supply-chain,2026-05-19,50,- Members of the Everlane supply chain team have participated in multiple audits and worker interviews.
everlane_web,supply-chain,https://www.everlane.com/pages/supply-chain,2026-05-19,51,3.
everlane_web,supply-chain,https://www.everlane.com/pages/supply-chain,2026-05-19,52,Certification
everlane_web,supply-chain,https://www.everlane.com/pages/supply-chain,2026-05-19,53,"At a minimum, disclose to what extent, if any, that the retail seller or manufacturer requires direct suppliers to certify that materials incorporated into the product comply with the laws regarding slavery and human trafficking of the country or countries in which they are doing business."
everlane_web,supply-chain,https://www.everlane.com/pages/supply-chain,2026-05-19,54,3.
everlane_web,supply-chain,https://www.everlane.com/pages/supply-chain,2026-05-19,55,Certification
everlane_web,supply-chain,https://www.everlane.com/pages/supply-chain,2026-05-19,56,"At a minimum, disclose to what extent, if any, that the retail seller or manufacturer requires direct suppliers to certify that materials incorporated into the product comply with the laws regarding slavery and human trafficking of the country or countries in which they are doing business."
everlane_web,supply-chain,https://www.everlane.com/pages/supply-chain,2026-05-19,57,- Everlane’s VCOC is shared with all our direct suppliers.
everlane_web,supply-chain,https://www.everlane.com/pages/supply-chain,2026-05-19,58,"The VCOC highlights the accountability a factory has to comply according to local and international labor laws such as discrimination, child labor, forced labor, and disciplinary practices."
everlane_web,supply-chain,https://www.everlane.com/pages/supply-chain,2026-05-19,59,- We are introducing our VCOC to all materials suppliers along the supply chain to ensure awareness and compliance for all parties related to Everlane.
everlane_web,supply-chain,https://www.everlane.com/pages/supply-chain,2026-05-19,60,- Everlane’s VCOC is shared with all our direct suppliers.
everlane_web,supply-chain,https://www.everlane.com/pages/supply-chain,2026-05-19,61,"The VCOC highlights the accountability a factory has to comply according to local and international labor laws such as discrimination, child labor, forced labor, and disciplinary practices."
everlane_web,supply-chain,https://www.everlane.com/pages/supply-chain,2026-05-19,62,- We are introducing our VCOC to all materials suppliers along the supply chain to ensure awareness and compliance for all parties related to Everlane.
everlane_web,supply-chain,https://www.everlane.com/pages/supply-chain,2026-05-19,63,4.
everlane_web,supply-chain,https://www.everlane.com/pages/supply-chain,2026-05-19,64,Internal Accountability
everlane_web,supply-chain,https://www.everlane.com/pages/supply-chain,2026-05-19,65,"At a minimum, disclose to what extent, if any, that the retail seller or manufacturer maintains internal accountability standards and procedures for employees or contractors failing to meet company standards regarding slavery and trafficking."
everlane_web,supply-chain,https://www.everlane.com/pages/supply-chain,2026-05-19,66,4.
everlane_web,supply-chain,https://www.everlane.com/pages/supply-chain,2026-05-19,67,Internal Accountability
everlane_web,supply-chain,https://www.everlane.com/pages/supply-chain,2026-05-19,68,"At a minimum, disclose to what extent, if any, that the retail seller or manufacturer maintains internal accountability standards and procedures for employees or contractors failing to meet company standards regarding slavery and trafficking."
everlane_web,supply-chain,https://www.everlane.com/pages/supply-chain,2026-05-19,69,"- Everlane’s core values—“the ethical choice is the right choice” and “everyone can and should make a difference”—are two values that our teams use to guide decisions, both in supply chain relationships as well as internal decision-making."
everlane_web,supply-chain,https://www.everlane.com/pages/supply-chain,2026-05-19,70,"- While we are determined to work only with suppliers that have like-minded values, we can only effectively impact slavery and human trafficking with the support and cooperation of our suppliers."
everlane_web,supply-chain,https://www.everlane.com/pages/supply-chain,2026-05-19,71,- We have a zero-tolerance policy for any labor-related non-compliances found in the supply chain.
everlane_web,supply-chain,https://www.everlane.com/pages/supply-chain,2026-05-19,72,"As such, we will immediately terminate business relationships regardless of contract or potential revenue."
everlane_web,supply-chain,https://www.everlane.com/pages/supply-chain,2026-05-19,73,- CA SB657 compliance training was completed by all parties that interact with our supply chain.
everlane_web,supply-chain,https://www.everlane.com/pages/supply-chain,2026-05-19,74,This training provided us with tools to mitigate risk within the supply chain and provide next steps if a team member discovers any non-compliance.
everlane_web,supply-chain,https://www.everlane.com/pages/supply-chain,2026-05-19,75,"- Everlane’s core values—“the ethical choice is the right choice” and “everyone can and should make a difference”—are two values that our teams use to guide decisions, both in supply chain relationships as well as internal decision-making."
everlane_web,supply-chain,https://www.everlane.com/pages/supply-chain,2026-05-19,76,"- While we are determined to work only with suppliers that have like-minded values, we can only effectively impact slavery and human trafficking with the support and cooperation of our suppliers."
everlane_web,supply-chain,https://www.everlane.com/pages/supply-chain,2026-05-19,77,- We have a zero-tolerance policy for any labor-related non-compliances found in the supply chain.
everlane_web,supply-chain,https://www.everlane.com/pages/supply-chain,2026-05-19,78,"As such, we will immediately terminate business relationships regardless of contract or potential revenue."
everlane_web,supply-chain,https://www.everlane.com/pages/supply-chain,2026-05-19,79,- CA SB657 compliance training was completed by all parties that interact with our supply chain.
everlane_web,supply-chain,https://www.everlane.com/pages/supply-chain,2026-05-19,80,This training provided us with tools to mitigate risk within the supply chain and provide next steps if a team member discovers any non-compliance.
everlane_web,supply-chain,https://www.everlane.com/pages/supply-chain,2026-05-19,81,5.
everlane_web,supply-chain,https://www.everlane.com/pages/supply-chain,2026-05-19,82,Training
everlane_web,supply-chain,https://www.everlane.com/pages/supply-chain,2026-05-19,83,"At a minimum, disclose to what extent, if any, that the retail seller or manufacturer provides company employees and management, who have direct responsibility for supply chain management, training on human trafficking and slavery, particularly with respect to mitigating risks within the supply chains of products."
everlane_web,supply-chain,https://www.everlane.com/pages/supply-chain,2026-05-19,84,5.
everlane_web,supply-chain,https://www.everlane.com/pages/supply-chain,2026-05-19,85,Training
everlane_web,supply-chain,https://www.everlane.com/pages/supply-chain,2026-05-19,86,"At a minimum, disclose to what extent, if any, that the retail seller or manufacturer provides company employees and management, who have direct responsibility for supply chain management, training on human trafficking and slavery, particularly with respect to mitigating risks within the supply chains of products."
everlane_web,supply-chain,https://www.everlane.com/pages/supply-chain,2026-05-19,87,- The Everlane Compliance team attends trainings and seminars to ensure internal awareness of various supply chain trends specifically in regards to labor and human rights issues.
everlane_web,supply-chain,https://www.everlane.com/pages/supply-chain,2026-05-19,88,We partner with third-party entities to obtain information across our global supply chain.
everlane_web,supply-chain,https://www.everlane.com/pages/supply-chain,2026-05-19,89,"- Everlane Product and Supply Chain teams are required to participate in the CA SB657 compliance training on forced labor and human trafficking violations, and steps to identify and report on high-risk areas across the supply chain."
everlane_web,supply-chain,https://www.everlane.com/pages/supply-chain,2026-05-19,90,Such training has been conducted for existing team members and will be required for all new hires.
everlane_web,supply-chain,https://www.everlane.com/pages/supply-chain,2026-05-19,91,- The Everlane Compliance team attends trainings and seminars to ensure internal awareness of various supply chain trends specifically in regards to labor and human rights issues.
everlane_web,supply-chain,https://www.everlane.com/pages/supply-chain,2026-05-19,92,We partner with third-party entities to obtain information across our global supply chain.
everlane_web,supply-chain,https://www.everlane.com/pages/supply-chain,2026-05-19,93,"- Everlane Product and Supply Chain teams are required to participate in the CA SB657 compliance training on forced labor and human trafficking violations, and steps to identify and report on high-risk areas across the supply chain."
everlane_web,supply-chain,https://www.everlane.com/pages/supply-chain,2026-05-19,94,Such training has been conducted for existing team members and will be required for all new hires.
everlane_web,supply-chain,https://www.everlane.com/pages/supply-chain,2026-05-19,95,Canada Bill S-211: An Act to enact the Fighting Against Forced Labour and Child Labour in Supply Chains Act
everlane_web,supply-chain,https://www.everlane.com/pages/supply-chain,2026-05-19,96,"To view Everlane’s full report on Modern Slavery and Forced/Child Labor in accordance with Bill S-211, Fighting Against Forced Labour and Child Labour in Supply Chains Act, see here."
everlane_web,dei,https://www.everlane.com/pages/dei,2026-05-19,0,Everlane
everlane_web,dei,https://www.everlane.com/pages/dei,2026-05-19,1,For Everyone
everlane_web,dei,https://www.everlane.com/pages/dei,2026-05-19,2,Everlane
everlane_web,dei,https://www.everlane.com/pages/dei,2026-05-19,3,For Everyone
everlane_web,dei,https://www.everlane.com/pages/dei,2026-05-19,4,We strive to create an environment and culture that celebrates and leverages the collective diverse perspectives and experiences present at Everlane and our community.
everlane_web,dei,https://www.everlane.com/pages/dei,2026-05-19,5,OUR STRATEGIC PILLARS
everlane_web,dei,https://www.everlane.com/pages/dei,2026-05-19,6,An Equitable & Optimistic Future
everlane_web,dei,https://www.everlane.com/pages/dei,2026-05-19,7,Continue to build trust through transparency and cultivation of inclusive & equitable people practices integrated throughout Everlane.
everlane_web,dei,https://www.everlane.com/pages/dei,2026-05-19,8,Value Creation for Everlane’s Diverse Communities
everlane_web,dei,https://www.everlane.com/pages/dei,2026-05-19,9,"Over-invest in the attraction, development, and support of Everlane’s diverse communities."
everlane_web,dei,https://www.everlane.com/pages/dei,2026-05-19,10,Bold & Continuous Learning
everlane_web,dei,https://www.everlane.com/pages/dei,2026-05-19,11,Develop a culture and regular cadence of learning via courageous conversations to elevate collective cultural competence of the Everlane team.
everlane_web,dei,https://www.everlane.com/pages/dei,2026-05-19,12,Supporting Our Crew
everlane_web,dei,https://www.everlane.com/pages/dei,2026-05-19,13,We are investing in career development and support for BIPOC and other under-represented communities.
everlane_web,dei,https://www.everlane.com/pages/dei,2026-05-19,14,Our Actions
everlane_web,dei,https://www.everlane.com/pages/dei,2026-05-19,15,Established safe spaces for employees to provide feedback.
everlane_web,dei,https://www.everlane.com/pages/dei,2026-05-19,16,Created employee handbooks and updated our onboarding experience.
everlane_web,dei,https://www.everlane.com/pages/dei,2026-05-19,17,Expanded the People team so we can support our employees today and in the future.
everlane_web,dei,https://www.everlane.com/pages/dei,2026-05-19,18,We know it is important for our teams to feel comfortable with our People team and we were thoughtful.
everlane_web,dei,https://www.everlane.com/pages/dei,2026-05-19,19,Areas of Focus
everlane_web,dei,https://www.everlane.com/pages/dei,2026-05-19,20,Safe Spaces for Employees to Provide Feedback
everlane_web,dei,https://www.everlane.com/pages/dei,2026-05-19,21,"In 2020, we implemented Butterfly - a monthly anonymous feedback tool for employees to provide regular feedback on topics like management, impact, transparency, teamwork and DEI."
everlane_web,dei,https://www.everlane.com/pages/dei,2026-05-19,22,"Results are shared on a quarterly basis, at minimum."
everlane_web,dei,https://www.everlane.com/pages/dei,2026-05-19,23,"We’ve implemented EthicsPoint, a third party hotline that is available to our employees."
everlane_web,dei,https://www.everlane.com/pages/dei,2026-05-19,24,It is an alternative avenue for how they can report workplace concerns either anonymously or self-identified.
everlane_web,dei,https://www.everlane.com/pages/dei,2026-05-19,25,"In 2020, we implemented Butterfly - a monthly anonymous feedback tool for employees to provide regular feedback on topics like management, impact, transparency, teamwork and DEI."
everlane_web,dei,https://www.everlane.com/pages/dei,2026-05-19,26,"Results are shared on a quarterly basis, at minimum."
everlane_web,dei,https://www.everlane.com/pages/dei,2026-05-19,27,"We’ve implemented EthicsPoint, a third party hotline that is available to our employees."
everlane_web,dei,https://www.everlane.com/pages/dei,2026-05-19,28,It is an alternative avenue for how they can report workplace concerns either anonymously or self-identified.
everlane_web,dei,https://www.everlane.com/pages/dei,2026-05-19,29,Career Growth
everlane_web,dei,https://www.everlane.com/pages/dei,2026-05-19,30,We’ve created an Internal Mobility program giving all employees the opportunity to grow within the company.
everlane_web,dei,https://www.everlane.com/pages/dei,2026-05-19,31,Our Retail & Customer Experience team members bring tremendous value to our HQ teams through their experiences supporting our customers; therefore we exclusively promote our internal opportunities to them so they have a direct path to join the HQ team
everlane_web,dei,https://www.everlane.com/pages/dei,2026-05-19,32,We’ve created an Internal Mobility program giving all employees the opportunity to grow within the company.
everlane_web,dei,https://www.everlane.com/pages/dei,2026-05-19,33,Our Retail & Customer Experience team members bring tremendous value to our HQ teams through their experiences supporting our customers; therefore we exclusively promote our internal opportunities to them so they have a direct path to join the HQ team
everlane_web,dei,https://www.everlane.com/pages/dei,2026-05-19,34,Strong Communities
everlane_web,dei,https://www.everlane.com/pages/dei,2026-05-19,35,We’re committed to empowering the voices of our team members and continue to partner with employee-led resource groups for BIPOC success.
everlane_web,dei,https://www.everlane.com/pages/dei,2026-05-19,36,Established a dedicated operating budget and resources for our Employee Resource Groups to have a greater impact in our community.
everlane_web,dei,https://www.everlane.com/pages/dei,2026-05-19,37,We’re committed to empowering the voices of our team members and continue to partner with employee-led resource groups for BIPOC success.
everlane_web,dei,https://www.everlane.com/pages/dei,2026-05-19,38,Established a dedicated operating budget and resources for our Employee Resource Groups to have a greater impact in our community.
everlane_web,dei,https://www.everlane.com/pages/dei,2026-05-19,39,Lasting Strength
everlane_web,dei,https://www.everlane.com/pages/dei,2026-05-19,40,We track BIPOC retention to ensure our teams grow in diversity.
everlane_web,dei,https://www.everlane.com/pages/dei,2026-05-19,41,Reviewing the data allows us to identify where we can continue to drive for representation.
everlane_web,dei,https://www.everlane.com/pages/dei,2026-05-19,42,"In addition to measuring our racial and ethnic1 diversity, Everlane team members are now able to self-report if they identify as a members of the LGBT*Q+ community."
everlane_web,dei,https://www.everlane.com/pages/dei,2026-05-19,43,We aim to collect sufficient data to report our LGBTQ+ representation in the near future.
everlane_web,dei,https://www.everlane.com/pages/dei,2026-05-19,44,We track BIPOC retention to ensure our teams grow in diversity.
everlane_web,dei,https://www.everlane.com/pages/dei,2026-05-19,45,Reviewing the data allows us to identify where we can continue to drive for representation.
everlane_web,dei,https://www.everlane.com/pages/dei,2026-05-19,46,"In addition to measuring our racial and ethnic1 diversity, Everlane team members are now able to self-report if they identify as a members of the LGBT*Q+ community."
everlane_web,dei,https://www.everlane.com/pages/dei,2026-05-19,47,We aim to collect sufficient data to report our LGBTQ+ representation in the near future.
everlane_web,dei,https://www.everlane.com/pages/dei,2026-05-19,48,We are proud to share our Employee Resource & Community Groups:
everlane_web,dei,https://www.everlane.com/pages/dei,2026-05-19,49,"LatinX: LatinX is a space to celebrate our different backgrounds, get together to tell our stories, share experiences, support each other and organize events and volunteering activities."
everlane_web,dei,https://www.everlane.com/pages/dei,2026-05-19,50,EverBlack: Everblack is a safe and inclusive community for Black identifying employees.
everlane_web,dei,https://www.everlane.com/pages/dei,2026-05-19,51,"Our goal is to curate and foster networking, professional development, and connection through targeted programming as well as creating a safe space for sharing our experience in and outside of the workplace."
everlane_web,dei,https://www.everlane.com/pages/dei,2026-05-19,52,"Kin: Inspired by the belief that we are all cut from the same cloth, Kin reflects our shared connection as a diverse group of AAPI-identifying individuals while celebrating our group’s tapestry of cultures, stories, and experiences."
everlane_web,dei,https://www.everlane.com/pages/dei,2026-05-19,53,Retail Community Committee: A volunteer-led group aiming to foster an inclusive and aware community within our Retail team and strengthen our bonds as one Everlane community.
everlane_web,dei,https://www.everlane.com/pages/dei,2026-05-19,54,Parents: The Everlane parents group provides connectivity and community to the parents and parents-to-be of Everlane.
everlane_web,dei,https://www.everlane.com/pages/dei,2026-05-19,55,"Dawn: Our goal is to make .dawn into a sustainable lifestyle community, where we strive to “Live Everyday With Purpose”, from the moment the sun rises to the moment the sun sets."
everlane_web,dei,https://www.everlane.com/pages/dei,2026-05-19,56,Engagement Committee: The Engagement Committee is a place for passionate individuals to come together to intentionally build our work community.
everlane_web,dei,https://www.everlane.com/pages/dei,2026-05-19,57,"We host events, give back to local charities, and create fertile soil for making memories and bonds across the organization."
everlane_web,dei,https://www.everlane.com/pages/dei,2026-05-19,58,We are proud to share our Employee Resource & Community Groups:
everlane_web,dei,https://www.everlane.com/pages/dei,2026-05-19,59,"LatinX: LatinX is a space to celebrate our different backgrounds, get together to tell our stories, share experiences, support each other and organize events and volunteering activities."
everlane_web,dei,https://www.everlane.com/pages/dei,2026-05-19,60,EverBlack: Everblack is a safe and inclusive community for Black identifying employees.
everlane_web,dei,https://www.everlane.com/pages/dei,2026-05-19,61,"Our goal is to curate and foster networking, professional development, and connection through targeted programming as well as creating a safe space for sharing our experience in and outside of the workplace."
everlane_web,dei,https://www.everlane.com/pages/dei,2026-05-19,62,"Kin: Inspired by the belief that we are all cut from the same cloth, Kin reflects our shared connection as a diverse group of AAPI-identifying individuals while celebrating our group’s tapestry of cultures, stories, and experiences."
everlane_web,dei,https://www.everlane.com/pages/dei,2026-05-19,63,Retail Community Committee: A volunteer-led group aiming to foster an inclusive and aware community within our Retail team and strengthen our bonds as one Everlane community.
everlane_web,dei,https://www.everlane.com/pages/dei,2026-05-19,64,Parents: The Everlane parents group provides connectivity and community to the parents and parents-to-be of Everlane.
everlane_web,dei,https://www.everlane.com/pages/dei,2026-05-19,65,"Dawn: Our goal is to make .dawn into a sustainable lifestyle community, where we strive to “Live Everyday With Purpose”, from the moment the sun rises to the moment the sun sets."
everlane_web,dei,https://www.everlane.com/pages/dei,2026-05-19,66,Engagement Committee: The Engagement Committee is a place for passionate individuals to come together to intentionally build our work community.
everlane_web,dei,https://www.everlane.com/pages/dei,2026-05-19,67,"We host events, give back to local charities, and create fertile soil for making memories and bonds across the organization."
everlane_web,dei,https://www.everlane.com/pages/dei,2026-05-19,68,1U.S.
everlane_web,dei,https://www.everlane.com/pages/dei,2026-05-19,69,"Racial and Ethnic Minorities as defined by EEO1 categories including American Indian or Alaskan Native, Asian, Black or African American, Hispanic/Latino, Native Hawaiian or other Pacific Islander."
everlane_web,dei,https://www.everlane.com/pages/dei,2026-05-19,70,Bringing In Experts
everlane_web,dei,https://www.everlane.com/pages/dei,2026-05-19,71,"We are focusing on continuous education that helps us have honest conversations, work beyond our biases, and grow together in a more inclusive environment."
everlane_web,dei,https://www.everlane.com/pages/dei,2026-05-19,72,"We brought in third-party partners Converge and Out of Privilege to help us build our diversity, equity, and inclusion strategy."
everlane_web,dei,https://www.everlane.com/pages/dei,2026-05-19,73,We conducted an internal DEI survey and hosted DEI Dialogues to get a proper sense of where we stand.
everlane_web,dei,https://www.everlane.com/pages/dei,2026-05-19,74,Areas Of Focus
everlane_web,dei,https://www.everlane.com/pages/dei,2026-05-19,75,Continued Education
everlane_web,dei,https://www.everlane.com/pages/dei,2026-05-19,76,"We’ve continued to partner with Converge Firm —a consulting firm that specialize in helping reset workplace policies while educating managers and teams on systemic racism, allyship, unconscious bias, and inclusive leadership."
everlane_web,dei,https://www.everlane.com/pages/dei,2026-05-19,77,Anti-Racism Training
everlane_web,dei,https://www.everlane.com/pages/dei,2026-05-19,78,"We instituted company-wide anti-racism training and allocated an ongoing annual budget for DEI resources, tools, and education."
everlane_web,dei,https://www.everlane.com/pages/dei,2026-05-19,79,Direct Accountability
everlane_web,dei,https://www.everlane.com/pages/dei,2026-05-19,80,"Our entire leadership team will be held accountable for inclusive hiring practices and career pathing via the Rooney Rule, retention metrics, and engagement metrics."
everlane_web,dei,https://www.everlane.com/pages/dei,2026-05-19,81,Growing Our Team
everlane_web,dei,https://www.everlane.com/pages/dei,2026-05-19,82,"We are dedicated to achieving the best practices for equitable hiring, growth, and pay for every team member."
everlane_web,dei,https://www.everlane.com/pages/dei,2026-05-19,83,Redesigned our talent acquisition practices to eliminate bias and introduce more diversity all levels of the organization.
everlane_web,dei,https://www.everlane.com/pages/dei,2026-05-19,84,Introduced BIPOC representation to our C-team & Board of Directors
everlane_web,dei,https://www.everlane.com/pages/dei,2026-05-19,85,Our Current Team
everlane_web,dei,https://www.everlane.com/pages/dei,2026-05-19,86,Everlane Senior Management*
everlane_web,dei,https://www.everlane.com/pages/dei,2026-05-19,87,Black
everlane_web,dei,https://www.everlane.com/pages/dei,2026-05-19,88,36%
everlane_web,dei,https://www.everlane.com/pages/dei,2026-05-19,89,POC
everlane_web,dei,https://www.everlane.com/pages/dei,2026-05-19,90,Everlane Team
everlane_web,dei,https://www.everlane.com/pages/dei,2026-05-19,91,12%
everlane_web,dei,https://www.everlane.com/pages/dei,2026-05-19,92,56%
everlane_web,dei,https://www.everlane.com/pages/dei,2026-05-19,93,*Figures correct as of December 2023.
everlane_web,dei,https://www.everlane.com/pages/dei,2026-05-19,94,Everlane management is defined Director level and above including our C-team.
everlane_web,dei,https://www.everlane.com/pages/dei,2026-05-19,95,Inclusive Hiring Practices
everlane_web,dei,https://www.everlane.com/pages/dei,2026-05-19,96,We’ve established partnerships with organizations serving underrepresented communities to effectively market our open positions with a goal of building the most diverse pipeline of applicants
everlane_web,dei,https://www.everlane.com/pages/dei,2026-05-19,97,"We overhauled our structured interview process to create consistency, eliminate bias and to make the process more inclusive."
everlane_web,dei,https://www.everlane.com/pages/dei,2026-05-19,98,All hiring managers and interviewers are required to attend interview training to ensure our process is properly practiced.
everlane_web,dei,https://www.everlane.com/pages/dei,2026-05-19,99,All job descriptions were redesigned using inclusive practices; education requirements were eliminated from our application process
everlane_web,dei,https://www.everlane.com/pages/dei,2026-05-19,100,We’ve established partnerships with organizations serving underrepresented communities to effectively market our open positions with a goal of building the most diverse pipeline of applicants
everlane_web,dei,https://www.everlane.com/pages/dei,2026-05-19,101,"We overhauled our structured interview process to create consistency, eliminate bias and to make the process more inclusive."
everlane_web,dei,https://www.everlane.com/pages/dei,2026-05-19,102,All hiring managers and interviewers are required to attend interview training to ensure our process is properly practiced.
everlane_web,dei,https://www.everlane.com/pages/dei,2026-05-19,103,All job descriptions were redesigned using inclusive practices; education requirements were eliminated from our application process
everlane_web,dei,https://www.everlane.com/pages/dei,2026-05-19,104,Guided Growth
everlane_web,dei,https://www.everlane.com/pages/dei,2026-05-19,105,"We’ve built our job architectural foundation, which provides clarity of roles and responsibilities for our Team Members."
everlane_web,dei,https://www.everlane.com/pages/dei,2026-05-19,106,Currently we are working with our People Leaders to map career pathing opportunities for our teams.
everlane_web,dei,https://www.everlane.com/pages/dei,2026-05-19,107,Fair Pay Grades
everlane_web,dei,https://www.everlane.com/pages/dei,2026-05-19,108,"We engaged with Gray Scalable, a Human Resources consultancy that works with scaling companies."
everlane_web,dei,https://www.everlane.com/pages/dei,2026-05-19,109,Gray Scalable reviewed our compensation practices and recommended a market-based structure that allows Everlane to be both internally consistent and externally competitive in their pay practices.
everlane_web,dei,https://www.everlane.com/pages/dei,2026-05-19,110,We are committed to every two year pay audit that will be done with Gray Scalable or similar consulting firm.
everlane_web,dei,https://www.everlane.com/pages/dei,2026-05-19,111,Working Beyond Our Walls
everlane_web,dei,https://www.everlane.com/pages/dei,2026-05-19,112,We believe that we should use our influence to create positive change throughout the industry and society.
everlane_web,dei,https://www.everlane.com/pages/dei,2026-05-19,113,Brand Representation
everlane_web,dei,https://www.everlane.com/pages/dei,2026-05-19,114,"We have set new goals for broader, deeper representation in our creative work and commit to better celebrating diversity through our words and images."
everlane_web,dei,https://www.everlane.com/pages/dei,2026-05-19,115,Industry Accountability
everlane_web,dei,https://www.everlane.com/pages/dei,2026-05-19,116,"As a member of the Black In Fashion Council, we are working to advance inclusivity in the fashion industry through systemic change."
everlane_web,dei,https://www.everlane.com/pages/dei,2026-05-19,117,Nonprofit Support
everlane_web,dei,https://www.everlane.com/pages/dei,2026-05-19,118,To date we’ve donated over $1.5M to the ACLU.
everlane_web,dei,https://www.everlane.com/pages/dei,2026-05-19,119,We have also donated $75K to the Equal Justice Initiative.
everlane_web,dei,https://www.everlane.com/pages/dei,2026-05-19,120,"Every year, we evaluate and evolve our volunteer and giving program to support our local communities."
everlane_web,dei,https://www.everlane.com/pages/dei,2026-05-19,121,We remain committed to doing this work—for those on our team and for those we’ve yet to meet.
everlane_web,factories,https://www.everlane.com/pages/factories,2026-05-19,0,Transparent Factories
everlane_web,factories,https://www.everlane.com/pages/factories,2026-05-19,1,"We’ve signed the Transparency Pledge, which is an important new industry standard that holds companies and their supply chain partners accountable."
everlane_web,factories,https://www.everlane.com/pages/factories,2026-05-19,2,See Our Factory Details
everlane_web,factories,https://www.everlane.com/pages/factories,2026-05-19,3,Learn About Our Audit Standards
everlane_web,factories,https://www.everlane.com/pages/factories,2026-05-19,4,Hanwella
everlane_web,factories,https://www.everlane.com/pages/factories,2026-05-19,5,Linea Aqua
everlane_web,factories,https://www.everlane.com/pages/factories,2026-05-19,6,Dois Irmãos
everlane_web,factories,https://www.everlane.com/pages/factories,2026-05-19,7,Wirth
everlane_web,factories,https://www.everlane.com/pages/factories,2026-05-19,8,Ho Chi Minh
everlane_web,factories,https://www.everlane.com/pages/factories,2026-05-19,9,Dae Yun
everlane_web,factories,https://www.everlane.com/pages/factories,2026-05-19,10,Elche
everlane_web,factories,https://www.everlane.com/pages/factories,2026-05-19,11,Crota
everlane_web,factories,https://www.everlane.com/pages/factories,2026-05-19,12,Thai Binh
everlane_web,factories,https://www.everlane.com/pages/factories,2026-05-19,13,"Golden Star Co., Ltd."
everlane_web,factories,https://www.everlane.com/pages/factories,2026-05-19,14,Montopoli Val D'Arno
everlane_web,factories,https://www.everlane.com/pages/factories,2026-05-19,15,Q. Elle
everlane_web,factories,https://www.everlane.com/pages/factories,2026-05-19,16,Suzhou
everlane_web,factories,https://www.everlane.com/pages/factories,2026-05-19,17,New World Rubber
everlane_web,factories,https://www.everlane.com/pages/factories,2026-05-19,18,Bien Hoa
everlane_web,factories,https://www.everlane.com/pages/factories,2026-05-19,19,Saitex International
everlane_web,factories,https://www.everlane.com/pages/factories,2026-05-19,20,Santa Maria a Monte
everlane_web,factories,https://www.everlane.com/pages/factories,2026-05-19,21,Spinnaker
everlane_web,factories,https://www.everlane.com/pages/factories,2026-05-19,22,Kandy
everlane_web,factories,https://www.everlane.com/pages/factories,2026-05-19,23,MAS Holdings
everlane_web,factories,https://www.everlane.com/pages/factories,2026-05-19,24,Lastra a Signa
everlane_web,factories,https://www.everlane.com/pages/factories,2026-05-19,25,Martini
everlane_web,factories,https://www.everlane.com/pages/factories,2026-05-19,26,Bac Giang
everlane_web,factories,https://www.everlane.com/pages/factories,2026-05-19,27,Unico Global
everlane_web,factories,https://www.everlane.com/pages/factories,2026-05-19,28,Jiangmen
everlane_web,factories,https://www.everlane.com/pages/factories,2026-05-19,29,Springdale Fashions
everlane_web,factories,https://www.everlane.com/pages/factories,2026-05-19,30,Lima
everlane_web,factories,https://www.everlane.com/pages/factories,2026-05-19,31,Lives SAC
everlane_web,factories,https://www.everlane.com/pages/factories,2026-05-19,32,Nobland
everlane_web,factories,https://www.everlane.com/pages/factories,2026-05-19,33,Dongguan
everlane_web,factories,https://www.everlane.com/pages/factories,2026-05-19,34,Knit Sources
everlane_web,factories,https://www.everlane.com/pages/factories,2026-05-19,35,Yupoong Vietnam
everlane_web,factories,https://www.everlane.com/pages/factories,2026-05-19,36,Bellofatto
everlane_web,factories,https://www.everlane.com/pages/factories,2026-05-19,37,Nanchong
everlane_web,factories,https://www.everlane.com/pages/factories,2026-05-19,38,Profits Fund
everlane_web,social-responsibility,https://www.everlane.com/pages/social-responsibility,2026-05-19,0,SOCIAL RESPONSIBILITY
everlane_web,social-responsibility,https://www.everlane.com/pages/social-responsibility,2026-05-19,1,Good Partners
everlane_web,social-responsibility,https://www.everlane.com/pages/social-responsibility,2026-05-19,2,Social Responsibility Is In Our Nature
everlane_web,social-responsibility,https://www.everlane.com/pages/social-responsibility,2026-05-19,3,"We search the globe to find suppliers that embrace a holistic approach to social and environmental responsibility, and we make sure they are living up to our standards."
everlane_web,social-responsibility,https://www.everlane.com/pages/social-responsibility,2026-05-19,4,Take A Look Inside Our Factories
everlane_web,social-responsibility,https://www.everlane.com/pages/social-responsibility,2026-05-19,5,LEARN MORE
everlane_web,social-responsibility,https://www.everlane.com/pages/social-responsibility,2026-05-19,6,Partnering with
everlane_web,social-responsibility,https://www.everlane.com/pages/social-responsibility,2026-05-19,7,Ever-Better Factories
everlane_web,social-responsibility,https://www.everlane.com/pages/social-responsibility,2026-05-19,8,Partnering with
everlane_web,social-responsibility,https://www.everlane.com/pages/social-responsibility,2026-05-19,9,Ever-Better Factories
everlane_web,social-responsibility,https://www.everlane.com/pages/social-responsibility,2026-05-19,10,"Following the Rana Plaza factory collapse in 2013, we made a commitment to transparently disclose the name and location of our factory partners."
everlane_web,social-responsibility,https://www.everlane.com/pages/social-responsibility,2026-05-19,11,"Since then, we’ve built out an extensive social responsibility and auditing program to ensure our supplier relationships are rooted in honesty, shared values, and continuous improvement."
everlane_web,social-responsibility,https://www.everlane.com/pages/social-responsibility,2026-05-19,12,"Our social responsibility standards and expectations are outlined in our Vendor Code of Conduct, which follows the International Labor Organization’s (ILO) standards on human rights and are monitored and assessed by our third-party auditing partners."
everlane_web,social-responsibility,https://www.everlane.com/pages/social-responsibility,2026-05-19,13,Our auditing process allows us to keep track of our partners’ performance and progress with regard to the safety and well-being of their people.
everlane_web,social-responsibility,https://www.everlane.com/pages/social-responsibility,2026-05-19,14,"We will not work with a supplier if they do not share our values, adhere to our Code of Conduct, and demonstrate commitment to continuous improvement."
everlane_web,social-responsibility,https://www.everlane.com/pages/social-responsibility,2026-05-19,15,"To hold ourselves accountable to these standards and goals, we signed onto the Transparency Pledge and partner with the Open Supply Hub, disclosing Everlane’s Tier 1, 1A, and Tier 2 suppliers on their public-facing supply chain transparency platform."
everlane_web,social-responsibility,https://www.everlane.com/pages/social-responsibility,2026-05-19,16,Our Auditing Protocol
everlane_web,social-responsibility,https://www.everlane.com/pages/social-responsibility,2026-05-19,17,"We’ve developed a three-stage auditing and risk protocol, so we can have eyes and ears at each facility—even if we can’t physically be there."
everlane_web,social-responsibility,https://www.everlane.com/pages/social-responsibility,2026-05-19,18,Stage 1: Initial Risk Assessment
everlane_web,social-responsibility,https://www.everlane.com/pages/social-responsibility,2026-05-19,19,We Have High Standards
everlane_web,social-responsibility,https://www.everlane.com/pages/social-responsibility,2026-05-19,20,"When a prospective supplier is identified, we evaluate the potential partnership with our Initial Risk Assessment."
everlane_web,social-responsibility,https://www.everlane.com/pages/social-responsibility,2026-05-19,21,This allows us to determine if a prospective factory meets our social and environmental responsibility standards so we can move forward with a partnership.
everlane_web,social-responsibility,https://www.everlane.com/pages/social-responsibility,2026-05-19,22,Initial Risk Assessment Protocol
everlane_web,social-responsibility,https://www.everlane.com/pages/social-responsibility,2026-05-19,23,CODE OF CONDUCT ALIGNMENT
everlane_web,social-responsibility,https://www.everlane.com/pages/social-responsibility,2026-05-19,24,"Our risk assessment evaluates the labor conditions, wages, training, environmental programs, management practices, previous audits, and remediation of any prior violations at the facility to ensure that they are aligned with Everlane’s Code of Conduct."
everlane_web,social-responsibility,https://www.everlane.com/pages/social-responsibility,2026-05-19,25,EVALUATION OF CURRENT PROCEDURE
everlane_web,social-responsibility,https://www.everlane.com/pages/social-responsibility,2026-05-19,26,"An evaluation of the facility’s current environmental and social programming policies is completed through a combination of a self-assessment questionnaire, certification documentation review, environmental practice review, and questions surrounding management of worker well-being programs at the facility."
everlane_web,social-responsibility,https://www.everlane.com/pages/social-responsibility,2026-05-19,27,INHERENT COUNTRY-LEVEL RISK ASSESMENT
everlane_web,social-responsibility,https://www.everlane.com/pages/social-responsibility,2026-05-19,28,"We utilize risk assessment data and analytics tools from various public and proprietary indices, including: the Global Slavery Index, Workers Rights Index, and Human Development Index as well as ELEVATE indices around migrant workers, wages, and freedom of association in order to evaluate the inherent risk of a country itself."
everlane_web,social-responsibility,https://www.everlane.com/pages/social-responsibility,2026-05-19,29,Stage 2: Annual Verification
everlane_web,social-responsibility,https://www.everlane.com/pages/social-responsibility,2026-05-19,30,Checking All The Right Boxes
everlane_web,social-responsibility,https://www.everlane.com/pages/social-responsibility,2026-05-19,31,"Social compliance audits are crucial to aiding our supplier community, instilling accountability and transparency, and fostering continuous improvement."
everlane_web,social-responsibility,https://www.everlane.com/pages/social-responsibility,2026-05-19,32,We partner with third-party social auditing experts to carry out annual verification at each of our Tier 1 and 1A factories and strategic Tier 2 mills.
everlane_web,social-responsibility,https://www.everlane.com/pages/social-responsibility,2026-05-19,33,Annual Verification Protocol
everlane_web,social-responsibility,https://www.everlane.com/pages/social-responsibility,2026-05-19,34,ONSITE SOCIAL AUDITS
everlane_web,social-responsibility,https://www.everlane.com/pages/social-responsibility,2026-05-19,35,"We utilize an auditing firm, ELEVATE, to complete third-party, onsite social compliance audits."
everlane_web,social-responsibility,https://www.everlane.com/pages/social-responsibility,2026-05-19,36,"The assessments cover 300+ compliance checkpoints, with a severity level from minor to Zero Tolerance."
everlane_web,social-responsibility,https://www.everlane.com/pages/social-responsibility,2026-05-19,37,"Sites are graded from A to D, which we convert to a color-coded score system, from Green to Red."
everlane_web,social-responsibility,https://www.everlane.com/pages/social-responsibility,2026-05-19,38,"This methodology allows us to benchmark suppliers based on performance and identify sites that may need corrective actions, remediation, or capacity building to meet our standards."
everlane_web,social-responsibility,https://www.everlane.com/pages/social-responsibility,2026-05-19,39,WORKER SENTIMENT SURVEYS
everlane_web,social-responsibility,https://www.everlane.com/pages/social-responsibility,2026-05-19,40,Worker Sentiment Surveys (WSS) allow us to assess employee attitudes toward their workplace environment.
everlane_web,social-responsibility,https://www.everlane.com/pages/social-responsibility,2026-05-19,41,"We use this survey as an added form of a grievance mechanism, whereby workers can anonymously comment on topics such as harassment, discrimination, access to factory grievance mechanisms, management communication, and wage fairness."
everlane_web,social-responsibility,https://www.everlane.com/pages/social-responsibility,2026-05-19,42,We take the results of the surveys into account when developing and managing the factory’s corrective actions and trainings.
everlane_web,social-responsibility,https://www.everlane.com/pages/social-responsibility,2026-05-19,43,EQUIVALENCY (EQ) REPORTS
everlane_web,social-responsibility,https://www.everlane.com/pages/social-responsibility,2026-05-19,44,"For our low-risk partners with a proven track record of compliance, we may accept recent third-party verified audit reports in lieu of an additional Everlane audit."
everlane_web,social-responsibility,https://www.everlane.com/pages/social-responsibility,2026-05-19,45,Reference audits must meet our requirements when equivalency mapping is performed against our standards.
everlane_web,social-responsibility,https://www.everlane.com/pages/social-responsibility,2026-05-19,46,Accepting equivalency reports is one way we are partnering with our suppliers to ensure high standards while reducing pressure and redundancy from audit fatigue.
everlane_web,social-responsibility,https://www.everlane.com/pages/social-responsibility,2026-05-19,47,Stage 3: Continuous Improvement and Remediation
everlane_web,social-responsibility,https://www.everlane.com/pages/social-responsibility,2026-05-19,48,Progress is a Process
everlane_web,social-responsibility,https://www.everlane.com/pages/social-responsibility,2026-05-19,49,Achieving enduring transformation requires the commitment of both brands and suppliers.
everlane_web,social-responsibility,https://www.everlane.com/pages/social-responsibility,2026-05-19,50,"As such, Everlane provides Capacity Building Training for our vendors, which offers a root cause analysis of each finding in their audit report, guidance on creating a Corrective Action Plan, and expectations for remediation."
everlane_web,social-responsibility,https://www.everlane.com/pages/social-responsibility,2026-05-19,51,Continuous Improvement Protocol
everlane_web,social-responsibility,https://www.everlane.com/pages/social-responsibility,2026-05-19,52,"Each audit and equivalency report results in an in-depth Corrective Action Plan (CAP), which is shared along with audit findings with factory management and compliance teams."
everlane_web,social-responsibility,https://www.everlane.com/pages/social-responsibility,2026-05-19,53,"Suppliers are expected to demonstrate improvements when any of our agreed-upon standards are not met, and provide proof of corrective action for each non-compliance within a reasonable, pre-defined timeline."
everlane_web,social-responsibility,https://www.everlane.com/pages/social-responsibility,2026-05-19,54,"We take a collaborative approach to remediation efforts with our suppliers, developing CAPs to remedy issues identified during the audit and offering tools and training for root cause analysis, capacity building, continuous improvement, and preventative measures alongside our third-party partners."
everlane_web,social-responsibility,https://www.everlane.com/pages/social-responsibility,2026-05-19,55,RE-AUDITS
everlane_web,social-responsibility,https://www.everlane.com/pages/social-responsibility,2026-05-19,56,"In some cases, once a CAP is closed, we will also perform a re-audit of facilities that performed below our standards."
everlane_web,social-responsibility,https://www.everlane.com/pages/social-responsibility,2026-05-19,57,"By doing this, we can confirm and track the factory’s progress over time and continue to support its growth and improvement."
everlane_web,social-responsibility,https://www.everlane.com/pages/social-responsibility,2026-05-19,58,Scope and Coverage of our Audits
everlane_web,social-responsibility,https://www.everlane.com/pages/social-responsibility,2026-05-19,59,"100% of our Tier 1 factories and strategic Tier 2 suppliers are required to undergo a social compliance audit annually, and are rated against the below standards and categories:"
everlane_web,social-responsibility,https://www.everlane.com/pages/social-responsibility,2026-05-19,60,Labor
everlane_web,social-responsibility,https://www.everlane.com/pages/social-responsibility,2026-05-19,61,"Hiring, Disciplinary and Termination"
everlane_web,social-responsibility,https://www.everlane.com/pages/social-responsibility,2026-05-19,62,Child Labor
everlane_web,social-responsibility,https://www.everlane.com/pages/social-responsibility,2026-05-19,63,Forced Labor and Migrant Workers
everlane_web,social-responsibility,https://www.everlane.com/pages/social-responsibility,2026-05-19,64,Harassment or Abuse
everlane_web,social-responsibility,https://www.everlane.com/pages/social-responsibility,2026-05-19,65,Discrimination
everlane_web,social-responsibility,https://www.everlane.com/pages/social-responsibility,2026-05-19,66,Freedom of Association
everlane_web,social-responsibility,https://www.everlane.com/pages/social-responsibility,2026-05-19,67,Grievance Mechanisms
everlane_web,social-responsibility,https://www.everlane.com/pages/social-responsibility,2026-05-19,68,Wages and Benefits
everlane_web,social-responsibility,https://www.everlane.com/pages/social-responsibility,2026-05-19,69,Hours of Work
everlane_web,social-responsibility,https://www.everlane.com/pages/social-responsibility,2026-05-19,70,"Hiring, Disciplinary and Termination"
everlane_web,social-responsibility,https://www.everlane.com/pages/social-responsibility,2026-05-19,71,Child Labor
everlane_web,social-responsibility,https://www.everlane.com/pages/social-responsibility,2026-05-19,72,Forced Labor and Migrant Workers
everlane_web,social-responsibility,https://www.everlane.com/pages/social-responsibility,2026-05-19,73,Harassment or Abuse
everlane_web,social-responsibility,https://www.everlane.com/pages/social-responsibility,2026-05-19,74,Discrimination
everlane_web,social-responsibility,https://www.everlane.com/pages/social-responsibility,2026-05-19,75,Freedom of Association
everlane_web,social-responsibility,https://www.everlane.com/pages/social-responsibility,2026-05-19,76,Grievance Mechanisms
everlane_web,social-responsibility,https://www.everlane.com/pages/social-responsibility,2026-05-19,77,Wages and Benefits
everlane_web,social-responsibility,https://www.everlane.com/pages/social-responsibility,2026-05-19,78,Hours of Work
everlane_web,social-responsibility,https://www.everlane.com/pages/social-responsibility,2026-05-19,79,Health & Safety
everlane_web,social-responsibility,https://www.everlane.com/pages/social-responsibility,2026-05-19,80,General Work Environment
everlane_web,social-responsibility,https://www.everlane.com/pages/social-responsibility,2026-05-19,81,Building Safety
everlane_web,social-responsibility,https://www.everlane.com/pages/social-responsibility,2026-05-19,82,Emergency Preparedness
everlane_web,social-responsibility,https://www.everlane.com/pages/social-responsibility,2026-05-19,83,Chemical & Hazardous Substances
everlane_web,social-responsibility,https://www.everlane.com/pages/social-responsibility,2026-05-19,84,Employee Protection & Machine Safety
everlane_web,social-responsibility,https://www.everlane.com/pages/social-responsibility,2026-05-19,85,Electrical Safety
everlane_web,social-responsibility,https://www.everlane.com/pages/social-responsibility,2026-05-19,86,Dormitory
everlane_web,social-responsibility,https://www.everlane.com/pages/social-responsibility,2026-05-19,87,Kitchen & Canteen
everlane_web,social-responsibility,https://www.everlane.com/pages/social-responsibility,2026-05-19,88,General Work Environment
everlane_web,social-responsibility,https://www.everlane.com/pages/social-responsibility,2026-05-19,89,Building Safety
everlane_web,social-responsibility,https://www.everlane.com/pages/social-responsibility,2026-05-19,90,Emergency Preparedness
everlane_web,social-responsibility,https://www.everlane.com/pages/social-responsibility,2026-05-19,91,Chemical & Hazardous Substances
everlane_web,social-responsibility,https://www.everlane.com/pages/social-responsibility,2026-05-19,92,Employee Protection & Machine Safety
everlane_web,social-responsibility,https://www.everlane.com/pages/social-responsibility,2026-05-19,93,Electrical Safety
everlane_web,social-responsibility,https://www.everlane.com/pages/social-responsibility,2026-05-19,94,Dormitory
everlane_web,social-responsibility,https://www.everlane.com/pages/social-responsibility,2026-05-19,95,Kitchen & Canteen
everlane_web,social-responsibility,https://www.everlane.com/pages/social-responsibility,2026-05-19,96,Environment
everlane_web,social-responsibility,https://www.everlane.com/pages/social-responsibility,2026-05-19,97,Environment Management Program
everlane_web,social-responsibility,https://www.everlane.com/pages/social-responsibility,2026-05-19,98,Environment Permits / Licenses / Approvals
everlane_web,social-responsibility,https://www.everlane.com/pages/social-responsibility,2026-05-19,99,Air Emissions
everlane_web,social-responsibility,https://www.everlane.com/pages/social-responsibility,2026-05-19,100,Wastewater
everlane_web,social-responsibility,https://www.everlane.com/pages/social-responsibility,2026-05-19,101,Hazardous and Non-Hazardous Waste
everlane_web,social-responsibility,https://www.everlane.com/pages/social-responsibility,2026-05-19,102,Environment Management Program
everlane_web,social-responsibility,https://www.everlane.com/pages/social-responsibility,2026-05-19,103,Environment Permits / Licenses / Approvals
everlane_web,social-responsibility,https://www.everlane.com/pages/social-responsibility,2026-05-19,104,Air Emissions
everlane_web,social-responsibility,https://www.everlane.com/pages/social-responsibility,2026-05-19,105,Wastewater
everlane_web,social-responsibility,https://www.everlane.com/pages/social-responsibility,2026-05-19,106,Hazardous and Non-Hazardous Waste
everlane_web,social-responsibility,https://www.everlane.com/pages/social-responsibility,2026-05-19,107,Business Ethics
everlane_web,social-responsibility,https://www.everlane.com/pages/social-responsibility,2026-05-19,108,Transparency and Business Integrity
everlane_web,social-responsibility,https://www.everlane.com/pages/social-responsibility,2026-05-19,109,Business Licenses & Government Permits
everlane_web,social-responsibility,https://www.everlane.com/pages/social-responsibility,2026-05-19,110,Non-Retaliation
everlane_web,social-responsibility,https://www.everlane.com/pages/social-responsibility,2026-05-19,111,Factory Management Systems
everlane_web,social-responsibility,https://www.everlane.com/pages/social-responsibility,2026-05-19,112,Verified Subcontracting
everlane_web,social-responsibility,https://www.everlane.com/pages/social-responsibility,2026-05-19,113,Worker Wellbeing Programs
everlane_web,social-responsibility,https://www.everlane.com/pages/social-responsibility,2026-05-19,114,Transparency and Business Integrity
everlane_web,social-responsibility,https://www.everlane.com/pages/social-responsibility,2026-05-19,115,Business Licenses & Government Permits
everlane_web,social-responsibility,https://www.everlane.com/pages/social-responsibility,2026-05-19,116,Non-Retaliation
everlane_web,social-responsibility,https://www.everlane.com/pages/social-responsibility,2026-05-19,117,Factory Management Systems
everlane_web,social-responsibility,https://www.everlane.com/pages/social-responsibility,2026-05-19,118,Verified Subcontracting
everlane_web,social-responsibility,https://www.everlane.com/pages/social-responsibility,2026-05-19,119,Worker Wellbeing Programs
everlane_web,social-responsibility,https://www.everlane.com/pages/social-responsibility,2026-05-19,120,AUDIT PERFORMANCE
everlane_web,social-responsibility,https://www.everlane.com/pages/social-responsibility,2026-05-19,121,"We prioritize root cause analysis, corrective actions, and continuous improvement to achieve our ultimate goal: 100% of our suppliers receiving a Green or Yellow grade on their annual audit assessment."
everlane_web,social-responsibility,https://www.everlane.com/pages/social-responsibility,2026-05-19,122,Read more about our supplier performance in our Impact Report.
everlane_web,social-responsibility,https://www.everlane.com/pages/social-responsibility,2026-05-19,123,READ MORE
everlane_web,social-responsibility,https://www.everlane.com/pages/social-responsibility,2026-05-19,124,Integrating Environmental Responsibility
everlane_web,social-responsibility,https://www.everlane.com/pages/social-responsibility,2026-05-19,125,"We acknowledge textile production’s impact on the planet’s natural resources, and we’re striving to do things differently."
everlane_web,social-responsibility,https://www.everlane.com/pages/social-responsibility,2026-05-19,126,"That's why we team up with innovative suppliers, scientific organizations, and third-party standards that share our vision for making products with a lighter touch."
everlane_web,social-responsibility,https://www.everlane.com/pages/social-responsibility,2026-05-19,127,Clean Energy
everlane_web,social-responsibility,https://www.everlane.com/pages/social-responsibility,2026-05-19,128,The majority of overseas factories still operate on coal-fired power and machinery.
everlane_web,social-responsibility,https://www.everlane.com/pages/social-responsibility,2026-05-19,129,One of the most effective ways we can decarbonize the apparel industry is by transitioning manufacturing to clean energy through renewable sources.
everlane_web,social-responsibility,https://www.everlane.com/pages/social-responsibility,2026-05-19,130,It’s easier said than done.
everlane_web,social-responsibility,https://www.everlane.com/pages/social-responsibility,2026-05-19,131,"We’re proud that 40% of our Tier 1 factory partners are already sourcing renewable energy, however, it’s not enough."
everlane_web,social-responsibility,https://www.everlane.com/pages/social-responsibility,2026-05-19,132,Decarbonizing our supplier base is going to be a major task—but we see this as our best long-term solution for curbing emissions.
everlane_web,social-responsibility,https://www.everlane.com/pages/social-responsibility,2026-05-19,133,"We use tools like the Higg Facility Environmental Module (FEM) to collect verified primary data from our Tier 1 & Tier 2 suppliers, and benchmark their performance against environmental indicators."
everlane_web,social-responsibility,https://www.everlane.com/pages/social-responsibility,2026-05-19,134,We’re also working with the Apparel Impact Institute (Aii) to provide opportunity assessments for energy/electricity efficiency and renewable adoption.
everlane_web,social-responsibility,https://www.everlane.com/pages/social-responsibility,2026-05-19,135,The majority of overseas factories still operate on coal-fired power and machinery.
everlane_web,social-responsibility,https://www.everlane.com/pages/social-responsibility,2026-05-19,136,One of the most effective ways we can decarbonize the apparel industry is by transitioning manufacturing to clean energy through renewable sources.
everlane_web,social-responsibility,https://www.everlane.com/pages/social-responsibility,2026-05-19,137,It’s easier said than done.
everlane_web,social-responsibility,https://www.everlane.com/pages/social-responsibility,2026-05-19,138,"We’re proud that 40% of our Tier 1 factory partners are already sourcing renewable energy, however, it’s not enough."
everlane_web,social-responsibility,https://www.everlane.com/pages/social-responsibility,2026-05-19,139,Decarbonizing our supplier base is going to be a major task—but we see this as our best long-term solution for curbing emissions.
everlane_web,social-responsibility,https://www.everlane.com/pages/social-responsibility,2026-05-19,140,"We use tools like the Higg Facility Environmental Module (FEM) to collect verified primary data from our Tier 1 & Tier 2 suppliers, and benchmark their performance against environmental indicators."
everlane_web,social-responsibility,https://www.everlane.com/pages/social-responsibility,2026-05-19,141,We’re also working with the Apparel Impact Institute (Aii) to provide opportunity assessments for energy/electricity efficiency and renewable adoption.
everlane_web,social-responsibility,https://www.everlane.com/pages/social-responsibility,2026-05-19,142,Cleaner Chemistry
everlane_web,social-responsibility,https://www.everlane.com/pages/social-responsibility,2026-05-19,143,The use of chemicals plays a crucial role in the textile supply chain—but there is significant concern about potential hazards associated with some chemistry used in the industry.
everlane_web,social-responsibility,https://www.everlane.com/pages/social-responsibility,2026-05-19,144,"To address this issue, we’ve adopted some of the most comprehensive safer chemistry standards within the sector."
everlane_web,social-responsibility,https://www.everlane.com/pages/social-responsibility,2026-05-19,145,"We are proud to be a bluesign® System Partner since 2018, and check that the most chemically-intensive operations in our supply chain adhere to the strict Manufacturing Restricted Substance List (MRSL) of bluesign® or Zero Discharge of Hazardous Chemicals (ZDHC)."
everlane_web,social-responsibility,https://www.everlane.com/pages/social-responsibility,2026-05-19,146,"We also leverage suppliers that are certified to various safer chemistry standards for relevant material certifications, such as the Global Organic Textile Standard (GOTS), Global Recycled Standard (GRS), and CanopyStyle Hot Button ratings."
everlane_web,social-responsibility,https://www.everlane.com/pages/social-responsibility,2026-05-19,147,The use of chemicals plays a crucial role in the textile supply chain—but there is significant concern about potential hazards associated with some chemistry used in the industry.
everlane_web,social-responsibility,https://www.everlane.com/pages/social-responsibility,2026-05-19,148,"To address this issue, we’ve adopted some of the most comprehensive safer chemistry standards within the sector."
everlane_web,social-responsibility,https://www.everlane.com/pages/social-responsibility,2026-05-19,149,"We are proud to be a bluesign® System Partner since 2018, and check that the most chemically-intensive operations in our supply chain adhere to the strict Manufacturing Restricted Substance List (MRSL) of bluesign® or Zero Discharge of Hazardous Chemicals (ZDHC)."
everlane_web,social-responsibility,https://www.everlane.com/pages/social-responsibility,2026-05-19,150,"We also leverage suppliers that are certified to various safer chemistry standards for relevant material certifications, such as the Global Organic Textile Standard (GOTS), Global Recycled Standard (GRS), and CanopyStyle Hot Button ratings."
everlane_web,social-responsibility,https://www.everlane.com/pages/social-responsibility,2026-05-19,151,Water & Wastewater
everlane_web,social-responsibility,https://www.everlane.com/pages/social-responsibility,2026-05-19,152,"The apparel supply chain runs on water, from farm to finished garment."
everlane_web,social-responsibility,https://www.everlane.com/pages/social-responsibility,2026-05-19,153,"We understand how important it is to partner with farms, factories, and facilities that have efficiency measures in place to minimize water consumption in operations, optimize water recycling, and manage wastewater responsibly."
everlane_web,social-responsibility,https://www.everlane.com/pages/social-responsibility,2026-05-19,154,"Tools like the Higg FEM help us measure and benchmark water consumption, recovery, and wastewater discharge across our strategic suppliers."
everlane_web,social-responsibility,https://www.everlane.com/pages/social-responsibility,2026-05-19,155,"In more water-intensive processes, like the creation of denim, we partner with innovative factories, like Saitex, that employ state-of-the-art closed-loop water treatment systems that recover and reuse 96% of the water required for manufacturing—far surpassing industry standards."
everlane_web,social-responsibility,https://www.everlane.com/pages/social-responsibility,2026-05-19,156,"We also use Jeanologia’s Environmental Impact Measurement (EIM) scores, which rate and score denim processes on water practices, in addition to chemistry, energy, and worker impacts."
everlane_web,social-responsibility,https://www.everlane.com/pages/social-responsibility,2026-05-19,157,"The apparel supply chain runs on water, from farm to finished garment."
everlane_web,social-responsibility,https://www.everlane.com/pages/social-responsibility,2026-05-19,158,"We understand how important it is to partner with farms, factories, and facilities that have efficiency measures in place to minimize water consumption in operations, optimize water recycling, and manage wastewater responsibly."
everlane_web,social-responsibility,https://www.everlane.com/pages/social-responsibility,2026-05-19,159,"Tools like the Higg FEM help us measure and benchmark water consumption, recovery, and wastewater discharge across our strategic suppliers."
everlane_web,social-responsibility,https://www.everlane.com/pages/social-responsibility,2026-05-19,160,"In more water-intensive processes, like the creation of denim, we partner with innovative factories, like Saitex, that employ state-of-the-art closed-loop water treatment systems that recover and reuse 96% of the water required for manufacturing—far surpassing industry standards."
everlane_web,social-responsibility,https://www.everlane.com/pages/social-responsibility,2026-05-19,161,"We also use Jeanologia’s Environmental Impact Measurement (EIM) scores, which rate and score denim processes on water practices, in addition to chemistry, energy, and worker impacts."
everlane_web,social-responsibility,https://www.everlane.com/pages/social-responsibility,2026-05-19,162,We Love Overachievers
everlane_web,social-responsibility,https://www.everlane.com/pages/social-responsibility,2026-05-19,163,We seek relationships with factories that embrace a holistic approach to social and environmental responsibility.
everlane_web,social-responsibility,https://www.everlane.com/pages/social-responsibility,2026-05-19,164,"In addition to meeting our minimum requirements, we prioritize facilities that offer worker well-being programs that go above and beyond industry standards and local laws, and partner with suppliers that meet best-in-class environmental performance."
everlane_web,social-responsibility,https://www.everlane.com/pages/social-responsibility,2026-05-19,165,This exemplifies our partners’ desire and commitment to leading the industry forward—reflecting our shared sense of purpose.
everlane_web,social-responsibility,https://www.everlane.com/pages/social-responsibility,2026-05-19,166,We seek relationships with factories that embrace a holistic approach to social and environmental responsibility.
everlane_web,social-responsibility,https://www.everlane.com/pages/social-responsibility,2026-05-19,167,"In addition to meeting our minimum requirements, we prioritize facilities that offer worker well-being programs that go above and beyond industry standards and local laws, and partner with suppliers that meet best-in-class environmental performance."
everlane_web,social-responsibility,https://www.everlane.com/pages/social-responsibility,2026-05-19,168,This exemplifies our partners’ desire and commitment to leading the industry forward—reflecting our shared sense of purpose.
everlane_web,social-responsibility,https://www.everlane.com/pages/social-responsibility,2026-05-19,169,Chain of Custody & Content Claims Certifications
everlane_web,social-responsibility,https://www.everlane.com/pages/social-responsibility,2026-05-19,170,Global Organic Textile Standard (GOTS)
everlane_web,social-responsibility,https://www.everlane.com/pages/social-responsibility,2026-05-19,171,Organic Cotton Standard (OCS)
everlane_web,social-responsibility,https://www.everlane.com/pages/social-responsibility,2026-05-19,172,Responsible Wool Standard (RWS)
everlane_web,social-responsibility,https://www.everlane.com/pages/social-responsibility,2026-05-19,173,Good Cashmere Standard (GCS)
everlane_web,social-responsibility,https://www.everlane.com/pages/social-responsibility,2026-05-19,174,Responsible Alpaca Standard (RAS)
everlane_web,social-responsibility,https://www.everlane.com/pages/social-responsibility,2026-05-19,175,European Flax Standard (CELC)
everlane_web,social-responsibility,https://www.everlane.com/pages/social-responsibility,2026-05-19,176,Global Recycled Standard (GRS)
everlane_web,social-responsibility,https://www.everlane.com/pages/social-responsibility,2026-05-19,177,Recycled Claim Standard (RCS)
everlane_web,social-responsibility,https://www.everlane.com/pages/social-responsibility,2026-05-19,178,Programme for the Endorsement
everlane_web,social-responsibility,https://www.everlane.com/pages/social-responsibility,2026-05-19,179,of Forest Certification (PEFC)
everlane_web,social-responsibility,https://www.everlane.com/pages/social-responsibility,2026-05-19,180,Programme for the Endorsement
everlane_web,social-responsibility,https://www.everlane.com/pages/social-responsibility,2026-05-19,181,of Forest Certification (PEFC)
everlane_web,social-responsibility,https://www.everlane.com/pages/social-responsibility,2026-05-19,182,Forestry Stewardship Council (FSC)
everlane_web,social-responsibility,https://www.everlane.com/pages/social-responsibility,2026-05-19,183,Leather Working Group (LWG)
everlane_web,social-responsibility,https://www.everlane.com/pages/social-responsibility,2026-05-19,184,CanopyStyle Dark Green Shirt Standards
everlane_web,social-responsibility,https://www.everlane.com/pages/social-responsibility,2026-05-19,185,"Safe Chemistry, Water & Wastewater"
everlane_web,social-responsibility,https://www.everlane.com/pages/social-responsibility,2026-05-19,186,bluesign® Systems Partner
everlane_web,social-responsibility,https://www.everlane.com/pages/social-responsibility,2026-05-19,187,Zero Discharge Hazardous Chemicals (ZDHC)
everlane_web,social-responsibility,https://www.everlane.com/pages/social-responsibility,2026-05-19,188,Oeko-Tex® Chemical Standards
everlane_web,social-responsibility,https://www.everlane.com/pages/social-responsibility,2026-05-19,189,Environmental Management Systems
everlane_web,social-responsibility,https://www.everlane.com/pages/social-responsibility,2026-05-19,190,LEED
everlane_web,social-responsibility,https://www.everlane.com/pages/social-responsibility,2026-05-19,191,HIGG FEM
everlane_web,social-responsibility,https://www.everlane.com/pages/social-responsibility,2026-05-19,192,EIM by Jeanologia®
everlane_web,social-responsibility,https://www.everlane.com/pages/social-responsibility,2026-05-19,193,ISO 14001 EMS Standards
everlane_web,social-responsibility,https://www.everlane.com/pages/social-responsibility,2026-05-19,194,Our factory partners aren’t the only ones with industry-leading certifications.
everlane_web,social-responsibility,https://www.everlane.com/pages/social-responsibility,2026-05-19,195,"Read about our own certifications on our Sustainability Certifications, Awards, & Memberships page."
everlane_web,social-responsibility,https://www.everlane.com/pages/social-responsibility,2026-05-19,196,"When It Comes to Sustainability, We're Oversharers"
everlane_web,social-responsibility,https://www.everlane.com/pages/social-responsibility,2026-05-19,197,Get all the details about our efforts to clean up the industry—from our partners to our processes.
everlane_web,social-responsibility,https://www.everlane.com/pages/social-responsibility,2026-05-19,198,The Black Friday Fund
everlane_web,social-responsibility,https://www.everlane.com/pages/social-responsibility,2026-05-19,199,"Since we launched the Fund in 2014, we have raised over $1.5 million to support our partners."
everlane_web,social-responsibility,https://www.everlane.com/pages/social-responsibility,2026-05-19,200,We Won A Glossy Award
everlane_web,social-responsibility,https://www.everlane.com/pages/social-responsibility,2026-05-19,201,We’re proud to share that we're the 2023 Sustainable Brand of the Year.
everlane_web,social-responsibility,https://www.everlane.com/pages/social-responsibility,2026-05-19,202,Our Carbon Commitment
everlane_web,social-responsibility,https://www.everlane.com/pages/social-responsibility,2026-05-19,203,We’ve committed to science-based targets to reduce our carbon footprint.
everlane_web,sustainability-certifications,https://www.everlane.com/pages/sustainability-certifications,2026-05-19,0,"CERTIFICATIONS, AWARDS & MEMBERSHIPS"
everlane_web,sustainability-certifications,https://www.everlane.com/pages/sustainability-certifications,2026-05-19,1,Leading the Industry
everlane_web,sustainability-certifications,https://www.everlane.com/pages/sustainability-certifications,2026-05-19,2,"Sustainability Certifications,"
everlane_web,sustainability-certifications,https://www.everlane.com/pages/sustainability-certifications,2026-05-19,3,Awards & Memberships
everlane_web,sustainability-certifications,https://www.everlane.com/pages/sustainability-certifications,2026-05-19,4,"Sustainability Certifications,"
everlane_web,sustainability-certifications,https://www.everlane.com/pages/sustainability-certifications,2026-05-19,5,Awards & Memberships
everlane_web,sustainability-certifications,https://www.everlane.com/pages/sustainability-certifications,2026-05-19,6,"When it comes to our sustainability efforts, we're serious about doing things right."
everlane_web,sustainability-certifications,https://www.everlane.com/pages/sustainability-certifications,2026-05-19,7,We work with industry experts and third-party verified standards that help substantiate the work we are doing in materials and production practices.
everlane_web,sustainability-certifications,https://www.everlane.com/pages/sustainability-certifications,2026-05-19,8,"We’re also proud to have received notable recognition for our work to clean up the industry, such as being named Sustainable Brand of the Year by Glossy and earning an EPA Green Power Player distinction, recognizing us as one of the nation’s leading green power users."
everlane_web,sustainability-certifications,https://www.everlane.com/pages/sustainability-certifications,2026-05-19,9,"Our certifications, awards, and collaborations help us keep it 100 with you (and ourselves) as we march towards reducing our impact on the planet."
everlane_web,sustainability-certifications,https://www.everlane.com/pages/sustainability-certifications,2026-05-19,10,We’re proud to partner with some of the most respected certification standards in the industry.
everlane_web,sustainability-certifications,https://www.everlane.com/pages/sustainability-certifications,2026-05-19,11,Certifications play an important role in the verification and validation of content claims and impacts.
everlane_web,sustainability-certifications,https://www.everlane.com/pages/sustainability-certifications,2026-05-19,12,This ensures that our consciously crafted fabrics are made with responsibly sourced materials and lower-impact processes.
everlane_web,sustainability-certifications,https://www.everlane.com/pages/sustainability-certifications,2026-05-19,13,Chain of Custody & Content Claims Certifications
everlane_web,sustainability-certifications,https://www.everlane.com/pages/sustainability-certifications,2026-05-19,14,Global Organic Textile Standard
everlane_web,sustainability-certifications,https://www.everlane.com/pages/sustainability-certifications,2026-05-19,15,(GOTS)
everlane_web,sustainability-certifications,https://www.everlane.com/pages/sustainability-certifications,2026-05-19,16,Global Organic Textile Standard
everlane_web,sustainability-certifications,https://www.everlane.com/pages/sustainability-certifications,2026-05-19,17,(GOTS)
everlane_web,sustainability-certifications,https://www.everlane.com/pages/sustainability-certifications,2026-05-19,18,Brand-certified since 2019.
everlane_web,sustainability-certifications,https://www.everlane.com/pages/sustainability-certifications,2026-05-19,19,License Number: CU1019435
everlane_web,sustainability-certifications,https://www.everlane.com/pages/sustainability-certifications,2026-05-19,20,Brand-certified since 2019.
everlane_web,sustainability-certifications,https://www.everlane.com/pages/sustainability-certifications,2026-05-19,21,License Number: CU1019435
everlane_web,sustainability-certifications,https://www.everlane.com/pages/sustainability-certifications,2026-05-19,22,Organic Cotton Standard (OCS)
everlane_web,sustainability-certifications,https://www.everlane.com/pages/sustainability-certifications,2026-05-19,23,Brand-certified since 2022.
everlane_web,sustainability-certifications,https://www.everlane.com/pages/sustainability-certifications,2026-05-19,24,License Number: CU1019435
everlane_web,sustainability-certifications,https://www.everlane.com/pages/sustainability-certifications,2026-05-19,25,Brand-certified since 2022.
everlane_web,sustainability-certifications,https://www.everlane.com/pages/sustainability-certifications,2026-05-19,26,Responsible Wool Standard (RWS)
everlane_web,sustainability-certifications,https://www.everlane.com/pages/sustainability-certifications,2026-05-19,27,Brand-certified since 2022.
everlane_web,sustainability-certifications,https://www.everlane.com/pages/sustainability-certifications,2026-05-19,28,License Number: CU891284
everlane_web,sustainability-certifications,https://www.everlane.com/pages/sustainability-certifications,2026-05-19,29,License Number: CU891284
everlane_web,sustainability-certifications,https://www.everlane.com/pages/sustainability-certifications,2026-05-19,30,Responsible Alpaca Standard (RAS)
everlane_web,sustainability-certifications,https://www.everlane.com/pages/sustainability-certifications,2026-05-19,31,Good Cashmere Standard (GCS)
everlane_web,sustainability-certifications,https://www.everlane.com/pages/sustainability-certifications,2026-05-19,32,Licensed brand since 2023.
everlane_web,sustainability-certifications,https://www.everlane.com/pages/sustainability-certifications,2026-05-19,33,European Flax Standard (CELC)
everlane_web,sustainability-certifications,https://www.everlane.com/pages/sustainability-certifications,2026-05-19,34,Recycled Claim Standard (RCS)
everlane_web,sustainability-certifications,https://www.everlane.com/pages/sustainability-certifications,2026-05-19,35,Global Recycled Standard (GRS)
everlane_web,sustainability-certifications,https://www.everlane.com/pages/sustainability-certifications,2026-05-19,36,Programme for the Endorsement
everlane_web,sustainability-certifications,https://www.everlane.com/pages/sustainability-certifications,2026-05-19,37,of Forest Certification (PEFC)
everlane_web,sustainability-certifications,https://www.everlane.com/pages/sustainability-certifications,2026-05-19,38,Programme for the Endorsement
everlane_web,sustainability-certifications,https://www.everlane.com/pages/sustainability-certifications,2026-05-19,39,of Forest Certification (PEFC)
everlane_web,sustainability-certifications,https://www.everlane.com/pages/sustainability-certifications,2026-05-19,40,Forestry Stewardship Council (FSC)
everlane_web,sustainability-certifications,https://www.everlane.com/pages/sustainability-certifications,2026-05-19,41,Leather Working Group (LWG)
everlane_web,sustainability-certifications,https://www.everlane.com/pages/sustainability-certifications,2026-05-19,42,CanopyStyle Dark Green Shirt Standards
everlane_web,sustainability-certifications,https://www.everlane.com/pages/sustainability-certifications,2026-05-19,43,Environment & Chemical Safety Certifications
everlane_web,sustainability-certifications,https://www.everlane.com/pages/sustainability-certifications,2026-05-19,44,bluesign®
everlane_web,sustainability-certifications,https://www.everlane.com/pages/sustainability-certifications,2026-05-19,45,Certified Systems Partner since 2019.
everlane_web,sustainability-certifications,https://www.everlane.com/pages/sustainability-certifications,2026-05-19,46,Zero Discharge Hazardous Chemicals (ZDHC)
everlane_web,sustainability-certifications,https://www.everlane.com/pages/sustainability-certifications,2026-05-19,47,Oeko-Tex® Chemical Standards
everlane_web,sustainability-certifications,https://www.everlane.com/pages/sustainability-certifications,2026-05-19,48,ISO 14001 EMS Standards
everlane_web,sustainability-certifications,https://www.everlane.com/pages/sustainability-certifications,2026-05-19,49,"As we move forward on our journey to clean up the industry, we love to look back on our wins."
everlane_web,sustainability-certifications,https://www.everlane.com/pages/sustainability-certifications,2026-05-19,50,Distinctions & Awards
everlane_web,sustainability-certifications,https://www.everlane.com/pages/sustainability-certifications,2026-05-19,51,EPA Green Power Partner
everlane_web,sustainability-certifications,https://www.everlane.com/pages/sustainability-certifications,2026-05-19,52,Glossy Awards
everlane_web,sustainability-certifications,https://www.everlane.com/pages/sustainability-certifications,2026-05-19,53,Sustainable Brand of the Year 2023 & 2024
everlane_web,sustainability-certifications,https://www.everlane.com/pages/sustainability-certifications,2026-05-19,54,Glossy Awards
everlane_web,sustainability-certifications,https://www.everlane.com/pages/sustainability-certifications,2026-05-19,55,Sustainable Brand of the Year 2023 & 2024
everlane_web,sustainability-certifications,https://www.everlane.com/pages/sustainability-certifications,2026-05-19,56,Textile Exchange Material Change
everlane_web,sustainability-certifications,https://www.everlane.com/pages/sustainability-certifications,2026-05-19,57,Index - Leading Transformational Change
everlane_web,sustainability-certifications,https://www.everlane.com/pages/sustainability-certifications,2026-05-19,58,Textile Exchange Material Change
everlane_web,sustainability-certifications,https://www.everlane.com/pages/sustainability-certifications,2026-05-19,59,Index - Leading Transformational Change
everlane_web,sustainability-certifications,https://www.everlane.com/pages/sustainability-certifications,2026-05-19,60,Marie Claire UK
everlane_web,sustainability-certifications,https://www.everlane.com/pages/sustainability-certifications,2026-05-19,61,Sustainability Awards Winner 2024
everlane_web,sustainability-certifications,https://www.everlane.com/pages/sustainability-certifications,2026-05-19,62,Fashion & Clothing
everlane_web,sustainability-certifications,https://www.everlane.com/pages/sustainability-certifications,2026-05-19,63,Marie Claire UK
everlane_web,sustainability-certifications,https://www.everlane.com/pages/sustainability-certifications,2026-05-19,64,Sustainability Awards Winner 2024
everlane_web,sustainability-certifications,https://www.everlane.com/pages/sustainability-certifications,2026-05-19,65,Fashion & Clothing
everlane_web,sustainability-certifications,https://www.everlane.com/pages/sustainability-certifications,2026-05-19,66,Sustainability Awards Winner 2024
everlane_web,sustainability-certifications,https://www.everlane.com/pages/sustainability-certifications,2026-05-19,67,Fashion & Clothing
everlane_web,sustainability-certifications,https://www.everlane.com/pages/sustainability-certifications,2026-05-19,68,"We believe we’re better together, so we partner with other industry leaders to reimagine a better future."
everlane_web,sustainability-certifications,https://www.everlane.com/pages/sustainability-certifications,2026-05-19,69,Industry Collaborations & Commitments
everlane_web,sustainability-certifications,https://www.everlane.com/pages/sustainability-certifications,2026-05-19,70,Statewide Textile Recovery Advisory
everlane_web,sustainability-certifications,https://www.everlane.com/pages/sustainability-certifications,2026-05-19,71,Committee (STRAC)
everlane_web,sustainability-certifications,https://www.everlane.com/pages/sustainability-certifications,2026-05-19,72,Statewide Textile Recovery Advisory
everlane_web,sustainability-certifications,https://www.everlane.com/pages/sustainability-certifications,2026-05-19,73,Committee (STRAC)
everlane_web,sustainability-certifications,https://www.everlane.com/pages/sustainability-certifications,2026-05-19,74,American Apparel & Footwear
everlane_web,sustainability-certifications,https://www.everlane.com/pages/sustainability-certifications,2026-05-19,75,Association (AAFA)
everlane_web,sustainability-certifications,https://www.everlane.com/pages/sustainability-certifications,2026-05-19,76,American Apparel & Footwear
everlane_web,sustainability-certifications,https://www.everlane.com/pages/sustainability-certifications,2026-05-19,77,Association (AAFA)
everlane_web,sustainability-certifications,https://www.everlane.com/pages/sustainability-certifications,2026-05-19,78,Sustainable Apparel Coalition (SAC)
everlane_web,sustainability-certifications,https://www.everlane.com/pages/sustainability-certifications,2026-05-19,79,Science-Based Targets Initiative (SBTi)
everlane_web,sustainability-certifications,https://www.everlane.com/pages/sustainability-certifications,2026-05-19,80,Transparency Pledge Coalition
everlane_web,sustainability-certifications,https://www.everlane.com/pages/sustainability-certifications,2026-05-19,81,Responsible Business Coalition
everlane_web,sustainability-certifications,https://www.everlane.com/pages/sustainability-certifications,2026-05-19,82,Pure Strategies Nature Action Forum
everlane_web,sustainability-certifications,https://www.everlane.com/pages/sustainability-certifications,2026-05-19,83,UN Conscious Fashion & Lifestyle
everlane_web,sustainability-certifications,https://www.everlane.com/pages/sustainability-certifications,2026-05-19,84,Network
everlane_web,sustainability-certifications,https://www.everlane.com/pages/sustainability-certifications,2026-05-19,85,UN Conscious Fashion & Lifestyle
everlane_web,sustainability-certifications,https://www.everlane.com/pages/sustainability-certifications,2026-05-19,86,Network
everlane_web,sustainability-certifications,https://www.everlane.com/pages/sustainability-certifications,2026-05-19,87,Textile Exchange's Deforestation-
everlane_web,sustainability-certifications,https://www.everlane.com/pages/sustainability-certifications,2026-05-19,88,Free Call to Action
everlane_web,sustainability-certifications,https://www.everlane.com/pages/sustainability-certifications,2026-05-19,89,Textile Exchange's Deforestation-
everlane_web,sustainability-certifications,https://www.everlane.com/pages/sustainability-certifications,2026-05-19,90,Free Call to Action
everlane_web,sustainability-certifications,https://www.everlane.com/pages/sustainability-certifications,2026-05-19,91,Coalition to End Uyghur Forced
everlane_web,sustainability-certifications,https://www.everlane.com/pages/sustainability-certifications,2026-05-19,92,Labour’s Call to Action
everlane_web,sustainability-certifications,https://www.everlane.com/pages/sustainability-certifications,2026-05-19,93,Coalition to End Uyghur Forced
everlane_web,sustainability-certifications,https://www.everlane.com/pages/sustainability-certifications,2026-05-19,94,Labour’s Call to Action
everlane_web,sustainability-certifications,https://www.everlane.com/pages/sustainability-certifications,2026-05-19,95,Our Impact Report
everlane_web,sustainability-certifications,https://www.everlane.com/pages/sustainability-certifications,2026-05-19,96,We believe in progress over perfection.
everlane_web,sustainability-certifications,https://www.everlane.com/pages/sustainability-certifications,2026-05-19,97,"Each year, our Impact Report reflects back on our wins in sustainability"
everlane_web,sustainability-certifications,https://www.everlane.com/pages/sustainability-certifications,2026-05-19,98,while also looking ahead with plans for an even better tomorrow.
everlane_web,sustainability-certifications,https://www.everlane.com/pages/sustainability-certifications,2026-05-19,99,We believe in progress over perfection.
everlane_web,sustainability-certifications,https://www.everlane.com/pages/sustainability-certifications,2026-05-19,100,"Each year, our Impact Report reflects back on our wins in sustainability"
everlane_web,sustainability-certifications,https://www.everlane.com/pages/sustainability-certifications,2026-05-19,101,while also looking ahead with plans for an even better tomorrow.
everlane_web,sustainability-certifications,https://www.everlane.com/pages/sustainability-certifications,2026-05-19,102,READ MORE
everlane_web,sustainability-certifications,https://www.everlane.com/pages/sustainability-certifications,2026-05-19,103,"When It Comes to Sustainability, We're Oversharers"
everlane_web,sustainability-certifications,https://www.everlane.com/pages/sustainability-certifications,2026-05-19,104,Get all the details about our efforts to clean up the industry—from our partners to our processes.
everlane_web,sustainability-certifications,https://www.everlane.com/pages/sustainability-certifications,2026-05-19,105,Our Preferred Materials
everlane_web,sustainability-certifications,https://www.everlane.com/pages/sustainability-certifications,2026-05-19,106,"We’re committed to using certified recycled, organic, renewable, and responsibly-sourced materials."
everlane_web,sustainability-certifications,https://www.everlane.com/pages/sustainability-certifications,2026-05-19,107,LEARN MORE
everlane_web,sustainability-certifications,https://www.everlane.com/pages/sustainability-certifications,2026-05-19,108,Cleaner Fashion
everlane_web,sustainability-certifications,https://www.everlane.com/pages/sustainability-certifications,2026-05-19,109,We created 10 icons to showcase our sustainability efforts behind our products.
everlane_web,sustainability-certifications,https://www.everlane.com/pages/sustainability-certifications,2026-05-19,110,The Black Friday Fund
everlane_web,sustainability-certifications,https://www.everlane.com/pages/sustainability-certifications,2026-05-19,111,"Since we launched the Fund in 2014, we have raised over $1.5 million to support our partners."
everlane_web,impact-report,https://www.everlane.com/pages/impact-report,2026-05-19,0,EVERLANE ANNUAL IMPACT REPORT
everlane_web,impact-report,https://www.everlane.com/pages/impact-report,2026-05-19,1,Sustainability looks better with receipts.
everlane_web,impact-report,https://www.everlane.com/pages/impact-report,2026-05-19,2,Here’s ours.
everlane_web,impact-report,https://www.everlane.com/pages/impact-report,2026-05-19,3,→ READ PART 1
everlane_web,impact-report,https://www.everlane.com/pages/impact-report,2026-05-19,4,PART ①
everlane_web,impact-report,https://www.everlane.com/pages/impact-report,2026-05-19,5,KEEP EARTH COOL
everlane_web,impact-report,https://www.everlane.com/pages/impact-report,2026-05-19,6,We’re on a low-carb(on) diet.
everlane_web,impact-report,https://www.everlane.com/pages/impact-report,2026-05-19,7,"Too much carbon’s heating things up, so we’re slowing the fast down."
everlane_web,impact-report,https://www.everlane.com/pages/impact-report,2026-05-19,8,"By teaming up with suppliers, we’re shrinking our footprint from raw materials to manufacturing to transport."
everlane_web,impact-report,https://www.everlane.com/pages/impact-report,2026-05-19,9,→ READ MORE
everlane_web,impact-report,https://www.everlane.com/pages/impact-report,2026-05-19,10,"OUR PLAN: 3, 2, 1, NET-ZERO"
everlane_web,impact-report,https://www.everlane.com/pages/impact-report,2026-05-19,11,"Across our key climate metrics, we're ahead of schedule, and in some areas we've surpassed our own targets."
everlane_web,impact-report,https://www.everlane.com/pages/impact-report,2026-05-19,12,"These reductions come from real changes in how we source, move, and make our products, not from purchasing carbon offsets to balance the books."
everlane_web,impact-report,https://www.everlane.com/pages/impact-report,2026-05-19,13,"Like any honest progress report, the story isn't without complexity: product mix shifts, transportation decisions, and evolving measurement methodology all play a role."
everlane_web,impact-report,https://www.everlane.com/pages/impact-report,2026-05-19,14,"But the trajectory is clear, and the progress is real."
everlane_web,impact-report,https://www.everlane.com/pages/impact-report,2026-05-19,15,60%
everlane_web,impact-report,https://www.everlane.com/pages/impact-report,2026-05-19,16,"absolute reduction of Scope 1–3 emissions achieved so far, compared to our 2019 baseline emissions calculation."
everlane_web,impact-report,https://www.everlane.com/pages/impact-report,2026-05-19,17,42%
everlane_web,impact-report,https://www.everlane.com/pages/impact-report,2026-05-19,18,"reduction in Scope 3 per-unit produced emissions achieved so far, compared to our 2019 baseline emissions calculation."
everlane_web,impact-report,https://www.everlane.com/pages/impact-report,2026-05-19,19,97%
everlane_web,impact-report,https://www.everlane.com/pages/impact-report,2026-05-19,20,of our Tier 1 suppliers by volume have either approved or in-development Science Based Targets (SBTs) or Science Aligned Targets (SATs).
everlane_web,impact-report,https://www.everlane.com/pages/impact-report,2026-05-19,21,"NOT ALL AT ONCE, BY DESIGN"
everlane_web,impact-report,https://www.everlane.com/pages/impact-report,2026-05-19,22,A BETTER WAY TO SHARE PROGRESS
everlane_web,impact-report,https://www.everlane.com/pages/impact-report,2026-05-19,23,Reducing emissions is only one part of our story.
everlane_web,impact-report,https://www.everlane.com/pages/impact-report,2026-05-19,24,"This year, we're changing how we tell it."
everlane_web,impact-report,https://www.everlane.com/pages/impact-report,2026-05-19,25,"For years, we've published one of the most detailed sustainability reports in our industry, because we believe transparency means showing your work."
everlane_web,impact-report,https://www.everlane.com/pages/impact-report,2026-05-19,26,"But more pages doesn't always mean more clarity, and this year we're evolving how we share progress."
everlane_web,impact-report,https://www.everlane.com/pages/impact-report,2026-05-19,27,"Not because we have less to say, but because we think there's a better way to say it."
everlane_web,impact-report,https://www.everlane.com/pages/impact-report,2026-05-19,28,"Instead of one dense document, we're releasing our Impact Report in phases, so each area of progress gets the space it deserves and you can follow along as we go."
everlane_web,impact-report,https://www.everlane.com/pages/impact-report,2026-05-19,29,"We're starting here, with KEEP EARTH COOL, focused on carbon emissions reduction."
everlane_web,impact-report,https://www.everlane.com/pages/impact-report,2026-05-19,30,"In the coming months: KEEP EARTH CLEAN, covering materials, waste, and circularity."
everlane_web,impact-report,https://www.everlane.com/pages/impact-report,2026-05-19,31,"Then DO RIGHT BY PEOPLE, focused on the people across our supply chain."
everlane_web,impact-report,https://www.everlane.com/pages/impact-report,2026-05-19,32,"Together, these sections reflect how we're continuing to evolve how impact is measured, shared, and improved over time."
everlane_web,impact-report,https://www.everlane.com/pages/impact-report,2026-05-19,33,Reducing emissions is only one part of our story.
everlane_web,impact-report,https://www.everlane.com/pages/impact-report,2026-05-19,34,"This year, we're changing how we tell it."
everlane_web,impact-report,https://www.everlane.com/pages/impact-report,2026-05-19,35,"For years, we've published one of the most detailed sustainability reports in our industry, because we believe transparency means showing your work."
everlane_web,impact-report,https://www.everlane.com/pages/impact-report,2026-05-19,36,"But more pages doesn't always mean more clarity, and this year we're evolving how we share progress."
everlane_web,impact-report,https://www.everlane.com/pages/impact-report,2026-05-19,37,"Not because we have less to say, but because we think there's a better way to say it."
everlane_web,impact-report,https://www.everlane.com/pages/impact-report,2026-05-19,38,"Instead of one dense document, we're releasing our Impact Report in phases, so each area of progress gets the space it deserves and you can follow along as we go."
everlane_web,impact-report,https://www.everlane.com/pages/impact-report,2026-05-19,39,"We're starting here, with KEEP EARTH COOL, focused on carbon emissions reduction."
everlane_web,impact-report,https://www.everlane.com/pages/impact-report,2026-05-19,40,"In the coming months: KEEP EARTH CLEAN, covering materials, waste, and circularity."
everlane_web,impact-report,https://www.everlane.com/pages/impact-report,2026-05-19,41,"Then DO RIGHT BY PEOPLE, focused on the people across our supply chain."
everlane_web,impact-report,https://www.everlane.com/pages/impact-report,2026-05-19,42,"Together, these sections reflect how we're continuing to evolve how impact is measured, shared, and improved over time."
everlane_web,impact-report,https://www.everlane.com/pages/impact-report,2026-05-19,43,LOOKING BACK
everlane_web,impact-report,https://www.everlane.com/pages/impact-report,2026-05-19,44,"Each year we publish an updated Impact Report to track our progress, celebrate the wins, and learn from the past."
everlane_web,impact-report,https://www.everlane.com/pages/impact-report,2026-05-19,45,Explore our previous Impact Reports:
everlane_web,impact-report,https://www.everlane.com/pages/impact-report,2026-05-19,46,"Each year we publish an updated Impact Report to track our progress, celebrate the wins, and learn from the past."
everlane_web,impact-report,https://www.everlane.com/pages/impact-report,2026-05-19,47,Explore our previous Impact Reports:
everlane_web,impact-report,https://www.everlane.com/pages/impact-report,2026-05-19,48,→ 2024
everlane_web,impact-report,https://www.everlane.com/pages/impact-report,2026-05-19,49,→ 2023
everlane_web,impact-report,https://www.everlane.com/pages/impact-report,2026-05-19,50,→ 2022
everlane_web,impact-report,https://www.everlane.com/pages/impact-report,2026-05-19,51,→ 2021
everlane_web,impact-report,https://www.everlane.com/pages/impact-report,2026-05-19,52,"PROGRESS IS A PROCESS, AND WE’RE LEADING THE WAY"
everlane_web,impact-report,https://www.everlane.com/pages/impact-report,2026-05-19,53,→ READ IMPACT REPORT PART 1
everlane_web,about,https://www.everlane.com/pages/about,2026-05-19,0,We believe
everlane_web,about,https://www.everlane.com/pages/about,2026-05-19,1,we can all make
everlane_web,about,https://www.everlane.com/pages/about,2026-05-19,2,a difference.
everlane_web,about,https://www.everlane.com/pages/about,2026-05-19,3,Our way: Exceptional quality.
everlane_web,about,https://www.everlane.com/pages/about,2026-05-19,4,Ethical factories.
everlane_web,about,https://www.everlane.com/pages/about,2026-05-19,5,Radical Transparency.
everlane_web,about,https://www.everlane.com/pages/about,2026-05-19,6,Our way: Exceptional quality.
everlane_web,about,https://www.everlane.com/pages/about,2026-05-19,7,Ethical factories.
everlane_web,about,https://www.everlane.com/pages/about,2026-05-19,8,Radical Transparency.
everlane_web,about,https://www.everlane.com/pages/about,2026-05-19,9,"At Everlane, we want the right choice to be as easy as putting on a great T-shirt."
everlane_web,about,https://www.everlane.com/pages/about,2026-05-19,10,"That’s why we partner with the best, ethical factories around the world."
everlane_web,about,https://www.everlane.com/pages/about,2026-05-19,11,Source only the finest materials.
everlane_web,about,https://www.everlane.com/pages/about,2026-05-19,12,And share those stories with you—down to the true cost of every product we make.
everlane_web,about,https://www.everlane.com/pages/about,2026-05-19,13,It’s a new way of doing things.
everlane_web,about,https://www.everlane.com/pages/about,2026-05-19,14,We call it Radical Transparency.
everlane_web,about,https://www.everlane.com/pages/about,2026-05-19,15,OUR FACTORIES
everlane_web,about,https://www.everlane.com/pages/about,2026-05-19,16,Our ethical approach.
everlane_web,about,https://www.everlane.com/pages/about,2026-05-19,17,We spend months finding the best factories around the world—the same ones that produce your favorite designer labels.
everlane_web,about,https://www.everlane.com/pages/about,2026-05-19,18,We visit them often and build strong personal relationships with the owners.
everlane_web,about,https://www.everlane.com/pages/about,2026-05-19,19,"Each factory is given a compliance audit to evaluate factors like fair wages, reasonable hours, and environment."
everlane_web,about,https://www.everlane.com/pages/about,2026-05-19,20,Our goal?
everlane_web,about,https://www.everlane.com/pages/about,2026-05-19,21,A score of 90 or above for every factory.
everlane_web,about,https://www.everlane.com/pages/about,2026-05-19,22,A scene from our LA Factory.
everlane_web,about,https://www.everlane.com/pages/about,2026-05-19,23,"Every Black Friday, we donate our profits to improve the lives of people who work at our factories."
everlane_web,about,https://www.everlane.com/pages/about,2026-05-19,24,Learn more about our most recent Black Friday Fund initiative.
everlane_web,about,https://www.everlane.com/pages/about,2026-05-19,25,OUR QUALITY
everlane_web,about,https://www.everlane.com/pages/about,2026-05-19,26,Designed
everlane_web,about,https://www.everlane.com/pages/about,2026-05-19,27,to last.
everlane_web,about,https://www.everlane.com/pages/about,2026-05-19,28,Designed
everlane_web,about,https://www.everlane.com/pages/about,2026-05-19,29,to last.
everlane_web,about,https://www.everlane.com/pages/about,2026-05-19,30,"At Everlane, we’re not big on trends."
everlane_web,about,https://www.everlane.com/pages/about,2026-05-19,31,"We want you to wear our pieces for years, even decades, to come."
everlane_web,about,https://www.everlane.com/pages/about,2026-05-19,32,"That’s why we source the finest materials and factories for our timeless products— like our Grade-A cashmere sweaters, Italian shoes, and Peruvian Pima tees."
everlane_web,about,https://www.everlane.com/pages/about,2026-05-19,33,$30
everlane_web,about,https://www.everlane.com/pages/about,2026-05-19,34,Everlane T-shirt
everlane_web,about,https://www.everlane.com/pages/about,2026-05-19,35,$55
everlane_web,about,https://www.everlane.com/pages/about,2026-05-19,36,Traditional Retail
everlane_web,about,https://www.everlane.com/pages/about,2026-05-19,37,OUR PRICES
everlane_web,about,https://www.everlane.com/pages/about,2026-05-19,38,Radical Transparency.
everlane_web,about,https://www.everlane.com/pages/about,2026-05-19,39,We believe our customers have a right to know how much their clothes cost to make.
everlane_web,about,https://www.everlane.com/pages/about,2026-05-19,40,"We reveal the true costs behind all of our products—from materials to labor to transportation—then offer them to you, minus the traditional retail markup."
everlane_web,about,https://www.everlane.com/pages/about,2026-05-19,41,More to Explore
everlane_web,about,https://www.everlane.com/pages/about,2026-05-19,42,Our Products
everlane_web,about,https://www.everlane.com/pages/about,2026-05-19,43,Our Stores
everlane_web,about,https://www.everlane.com/pages/about,2026-05-19,44,Careers
everlane_web,carbon,https://www.everlane.com/pages/carbon,2026-05-19,0,OUR PATH TO CARBON REDUCTION
everlane_web,carbon,https://www.everlane.com/pages/carbon,2026-05-19,1,Earth’s climate is changing.
everlane_web,carbon,https://www.everlane.com/pages/carbon,2026-05-19,2,We are too.
everlane_web,carbon,https://www.everlane.com/pages/carbon,2026-05-19,3,Earth’s climate is changing.
everlane_web,carbon,https://www.everlane.com/pages/carbon,2026-05-19,4,We are too.
everlane_web,carbon,https://www.everlane.com/pages/carbon,2026-05-19,5,The science is clear: We can still save
everlane_web,carbon,https://www.everlane.com/pages/carbon,2026-05-19,6,"the planet, but we have to work fast—and work together."
everlane_web,carbon,https://www.everlane.com/pages/carbon,2026-05-19,7,The science is clear: We can still save
everlane_web,carbon,https://www.everlane.com/pages/carbon,2026-05-19,8,"the planet, but we have to work fast—and work together."
everlane_web,carbon,https://www.everlane.com/pages/carbon,2026-05-19,9,The Situation:
everlane_web,carbon,https://www.everlane.com/pages/carbon,2026-05-19,10,Too Much Carbon
everlane_web,carbon,https://www.everlane.com/pages/carbon,2026-05-19,11,The Situation:
everlane_web,carbon,https://www.everlane.com/pages/carbon,2026-05-19,12,Too Much Carbon
everlane_web,carbon,https://www.everlane.com/pages/carbon,2026-05-19,13,"Humans are emitting far too much carbon into the atmosphere, and it’s destabilizing Earth’s climate."
everlane_web,carbon,https://www.everlane.com/pages/carbon,2026-05-19,14,"We need to reduce carbon emissions to limit warming to 1.5°C, as called for in the Paris Agreement."
everlane_web,carbon,https://www.everlane.com/pages/carbon,2026-05-19,15,Global temperature anomalies averaged and adjusted to early industrial baseline (1881-1910)
everlane_web,carbon,https://www.everlane.com/pages/carbon,2026-05-19,16,"Source: NASA GISS, NOAA, NCEI, ERSL"
everlane_web,carbon,https://www.everlane.com/pages/carbon,2026-05-19,17,Global temperature anomalies averaged and adjusted to early industrial baseline (1881-1910)
everlane_web,carbon,https://www.everlane.com/pages/carbon,2026-05-19,18,"Source: NASA GISS, NOAA, NCEI, ERSL"
everlane_web,carbon,https://www.everlane.com/pages/carbon,2026-05-19,19,HOW DO WE CUT THE CARBON?
everlane_web,carbon,https://www.everlane.com/pages/carbon,2026-05-19,20,"Science, math, and a lot of hard work, of course."
everlane_web,carbon,https://www.everlane.com/pages/carbon,2026-05-19,21,We started by measuring our greenhouse gas (GHG) emissions throughout our supply chain.
everlane_web,carbon,https://www.everlane.com/pages/carbon,2026-05-19,22,This helps us understand where our highest impacts are and begin planning the best paths to reduction.
everlane_web,carbon,https://www.everlane.com/pages/carbon,2026-05-19,23,That’s where the Science-Based Targets initiative (SBTi) comes in.
everlane_web,carbon,https://www.everlane.com/pages/carbon,2026-05-19,24,Our Goal:
everlane_web,carbon,https://www.everlane.com/pages/carbon,2026-05-19,25,Shrink Our Footprint
everlane_web,carbon,https://www.everlane.com/pages/carbon,2026-05-19,26,Our Goal:
everlane_web,carbon,https://www.everlane.com/pages/carbon,2026-05-19,27,Shrink Our Footprint
everlane_web,carbon,https://www.everlane.com/pages/carbon,2026-05-19,28,"In line with the Paris Agreement’s 1.5℃ warming pathway, we are committed to the following science-based targets:"
everlane_web,carbon,https://www.everlane.com/pages/carbon,2026-05-19,29,55%
everlane_web,carbon,https://www.everlane.com/pages/carbon,2026-05-19,30,Lower carbon emissions* per product by 2030.
everlane_web,carbon,https://www.everlane.com/pages/carbon,2026-05-19,31,46%
everlane_web,carbon,https://www.everlane.com/pages/carbon,2026-05-19,32,"Lower absolute emissions*, in our stores and HQ by 2030."
everlane_web,carbon,https://www.everlane.com/pages/carbon,2026-05-19,33,Net-Zero
everlane_web,carbon,https://www.everlane.com/pages/carbon,2026-05-19,34,Net-Zero emissions by 2050 (or sooner!)
everlane_web,carbon,https://www.everlane.com/pages/carbon,2026-05-19,35,"*Reduction figures are relative to our 2019 calculations, excluding the use phase."
everlane_web,carbon,https://www.everlane.com/pages/carbon,2026-05-19,36,Our Plan:
everlane_web,carbon,https://www.everlane.com/pages/carbon,2026-05-19,37,"3, 2, 1, Net Zero"
everlane_web,carbon,https://www.everlane.com/pages/carbon,2026-05-19,38,Our Plan:
everlane_web,carbon,https://www.everlane.com/pages/carbon,2026-05-19,39,"3, 2, 1, Net Zero"
everlane_web,carbon,https://www.everlane.com/pages/carbon,2026-05-19,40,Our targets help define our carbon reduction goals by what part of our business they’re connected to.
everlane_web,carbon,https://www.everlane.com/pages/carbon,2026-05-19,41,"We will publish our full impact report in 2022, but here is where our high-level impacts and opportunities are:"
everlane_web,carbon,https://www.everlane.com/pages/carbon,2026-05-19,42,Scope 3: Our Value Chain & Products
everlane_web,carbon,https://www.everlane.com/pages/carbon,2026-05-19,43,Our 2030 Target: 55% Lower Per Product Emissions
everlane_web,carbon,https://www.everlane.com/pages/carbon,2026-05-19,44,Scope 3 emissions make up 99% of our total greenhouse gas (GHG) footprint.
everlane_web,carbon,https://www.everlane.com/pages/carbon,2026-05-19,45,"They come from our supply chain, predominately through the production of our raw materials and the manufacturing of our products."
everlane_web,carbon,https://www.everlane.com/pages/carbon,2026-05-19,46,Our Actions
everlane_web,carbon,https://www.everlane.com/pages/carbon,2026-05-19,47,TRANSPORTATION
everlane_web,carbon,https://www.everlane.com/pages/carbon,2026-05-19,48,Reduce air shipments of fabric and products.
everlane_web,carbon,https://www.everlane.com/pages/carbon,2026-05-19,49,"Since 2022, less than 5% of our product shipped from our factories to our distribution center by air."
everlane_web,carbon,https://www.everlane.com/pages/carbon,2026-05-19,50,Encourage and incentivize customers to use ground shipments and returns.
everlane_web,carbon,https://www.everlane.com/pages/carbon,2026-05-19,51,Reduce air shipments of fabric and products.
everlane_web,carbon,https://www.everlane.com/pages/carbon,2026-05-19,52,"Since 2022, less than 5% of our product shipped from our factories to our distribution center by air."
everlane_web,carbon,https://www.everlane.com/pages/carbon,2026-05-19,53,Encourage and incentivize customers to use ground shipments and returns.
everlane_web,carbon,https://www.everlane.com/pages/carbon,2026-05-19,54,MANUFACTURING
everlane_web,carbon,https://www.everlane.com/pages/carbon,2026-05-19,55,Engage suppliers in Higg FEM adoption.
everlane_web,carbon,https://www.everlane.com/pages/carbon,2026-05-19,56,Identify high-GHG processes and partner with suppliers to implement low-emission techniques.
everlane_web,carbon,https://www.everlane.com/pages/carbon,2026-05-19,57,Encourage and incentivize suppliers to convert to renewable electricity.
everlane_web,carbon,https://www.everlane.com/pages/carbon,2026-05-19,58,Engage suppliers in Higg FEM adoption.
everlane_web,carbon,https://www.everlane.com/pages/carbon,2026-05-19,59,Identify high-GHG processes and partner with suppliers to implement low-emission techniques.
everlane_web,carbon,https://www.everlane.com/pages/carbon,2026-05-19,60,Encourage and incentivize suppliers to convert to renewable electricity.
everlane_web,carbon,https://www.everlane.com/pages/carbon,2026-05-19,61,RAW MATERIALS
everlane_web,carbon,https://www.everlane.com/pages/carbon,2026-05-19,62,Increase the use of recycled and renewable content.
everlane_web,carbon,https://www.everlane.com/pages/carbon,2026-05-19,63,Identify high-GHG fibers and replace them with innovative lower-impact alternatives.
everlane_web,carbon,https://www.everlane.com/pages/carbon,2026-05-19,64,"Partner with farmers in our supply chain (e.g., organic cotton growers and wool producers) to support and adopt regenerative agricultural practices."
everlane_web,carbon,https://www.everlane.com/pages/carbon,2026-05-19,65,Increase the use of recycled and renewable content.
everlane_web,carbon,https://www.everlane.com/pages/carbon,2026-05-19,66,Identify high-GHG fibers and replace them with innovative lower-impact alternatives.
everlane_web,carbon,https://www.everlane.com/pages/carbon,2026-05-19,67,"Partner with farmers in our supply chain (e.g., organic cotton growers and wool producers) to support and adopt regenerative agricultural practices."
everlane_web,carbon,https://www.everlane.com/pages/carbon,2026-05-19,68,"With each season, we’re using more recycled and organic materials across our product line."
everlane_web,carbon,https://www.everlane.com/pages/carbon,2026-05-19,69,Scope 1 & 2: Our Stores & HQ
everlane_web,carbon,https://www.everlane.com/pages/carbon,2026-05-19,70,Our 2030 Target: 46% Lower Absolute Emissions
everlane_web,carbon,https://www.everlane.com/pages/carbon,2026-05-19,71,Scope 1 emissions are generated onsite (like heating our stores and office with a boiler).
everlane_web,carbon,https://www.everlane.com/pages/carbon,2026-05-19,72,"Scope 2 emissions come from fossil fuel consumption for power such as conventional power plants, which produce purchased electricity."
everlane_web,carbon,https://www.everlane.com/pages/carbon,2026-05-19,73,This absolute reduction is relative to our 2019 figures.
everlane_web,carbon,https://www.everlane.com/pages/carbon,2026-05-19,74,"Even as we open more stores and studios, such as our Los Angeles Creative Studio, we must reduce our total scope 1 & 2 emissions to be 46% below that level."
everlane_web,carbon,https://www.everlane.com/pages/carbon,2026-05-19,75,Scope 1 emissions are generated onsite (like heating our stores and office with a boiler).
everlane_web,carbon,https://www.everlane.com/pages/carbon,2026-05-19,76,"Scope 2 emissions come from fossil fuel consumption for power such as conventional power plants, which produce purchased electricity."
everlane_web,carbon,https://www.everlane.com/pages/carbon,2026-05-19,77,This absolute reduction is relative to our 2019 figures.
everlane_web,carbon,https://www.everlane.com/pages/carbon,2026-05-19,78,"Even as we open more stores and studios, such as our Los Angeles Creative Studio, we must reduce our total scope 1 & 2 emissions to be 46% below that level."
everlane_web,carbon,https://www.everlane.com/pages/carbon,2026-05-19,79,Increase energy efficiency and reduction measures in our built environments.
everlane_web,carbon,https://www.everlane.com/pages/carbon,2026-05-19,80,Screen future store and office locations for energy efficiency and build with best practices for energy usage.
everlane_web,carbon,https://www.everlane.com/pages/carbon,2026-05-19,81,Purchase renewable energy certificates (RECs) and consider power purchase agreements (PPAs).
everlane_web,carbon,https://www.everlane.com/pages/carbon,2026-05-19,82,Increase energy efficiency and reduction measures in our built environments.
everlane_web,carbon,https://www.everlane.com/pages/carbon,2026-05-19,83,Screen future store and office locations for energy efficiency and build with best practices for energy usage.
everlane_web,carbon,https://www.everlane.com/pages/carbon,2026-05-19,84,Purchase renewable energy certificates (RECs) and consider power purchase agreements (PPAs).
everlane_web,carbon,https://www.everlane.com/pages/carbon,2026-05-19,85,We purchase renewable energy certificates for all the electricity consumed in our retail stores and headquarters.
everlane_web,carbon,https://www.everlane.com/pages/carbon,2026-05-19,86,Net Zero: Our Entire Footprint
everlane_web,carbon,https://www.everlane.com/pages/carbon,2026-05-19,87,Our 2050 (Or Sooner) Target: Achieve Net-Zero Emissions
everlane_web,carbon,https://www.everlane.com/pages/carbon,2026-05-19,88,"Our 2019 emissions totaled 71,629 metric tons of carbon dioxide equivalent—this is our baseline to work from on all our reductions."
everlane_web,carbon,https://www.everlane.com/pages/carbon,2026-05-19,89,"Reducing our GHG emissions is our first priority, but achieving net-zero emissions is an important goal to manage the emissions we cannot eliminate."
everlane_web,carbon,https://www.everlane.com/pages/carbon,2026-05-19,90,"We made this commitment with the Business Ambition for 1.5℃ program, a global coalition of companies working in partnership with the UN to set ambitious carbon reduction targets."
everlane_web,carbon,https://www.everlane.com/pages/carbon,2026-05-19,91,"Greatly reduce our scope 1–3 emissions (past 2030) through direct interventions, influence, and incentivization."
everlane_web,carbon,https://www.everlane.com/pages/carbon,2026-05-19,92,"Offset unavoidable emissions through carbon removal and sequestration with the help of our partner Native, who works with us to restore and protect American grasslands."
everlane_web,carbon,https://www.everlane.com/pages/carbon,2026-05-19,93,"For more information on our offset strategy, please see our Voluntary Carbon Offsets Disclosure documentation."
everlane_web,carbon,https://www.everlane.com/pages/carbon,2026-05-19,94,"Greatly reduce our scope 1–3 emissions (past 2030) through direct interventions, influence, and incentivization."
everlane_web,carbon,https://www.everlane.com/pages/carbon,2026-05-19,95,"Offset unavoidable emissions through carbon removal and sequestration with the help of our partner Native, who works with us to restore and protect American grasslands."
everlane_web,carbon,https://www.everlane.com/pages/carbon,2026-05-19,96,"For more information on our offset strategy, please see our Voluntary Carbon Offsets Disclosure documentation."
everlane_web,carbon,https://www.everlane.com/pages/carbon,2026-05-19,97,"The Northern Great Plains Regenerative Grazing Project, a carbon offset project we support through Native, a public benefit corporation."
everlane_web,carbon,https://www.everlane.com/pages/carbon,2026-05-19,98,Our Progress:
everlane_web,carbon,https://www.everlane.com/pages/carbon,2026-05-19,99,We’re on our way
everlane_web,carbon,https://www.everlane.com/pages/carbon,2026-05-19,100,Our Progress:
everlane_web,carbon,https://www.everlane.com/pages/carbon,2026-05-19,101,We’re on our way
everlane_web,carbon,https://www.everlane.com/pages/carbon,2026-05-19,102,"In 2025, we achieved a 42% reduction in per-product emissions, and our Scope 1-3 absolute emissions measured 60% lower than our 2019 baseline emissions calculation."
everlane_web,carbon,https://www.everlane.com/pages/carbon,2026-05-19,103,"To see a full inventory of our emissions and our pathway to reduction, check out our latest Impact Report."
everlane_web,carbon,https://www.everlane.com/pages/carbon,2026-05-19,104,LEARN MORE
everlane_web,carbon,https://www.everlane.com/pages/carbon,2026-05-19,105,"When It Comes to Sustainability, We're Oversharers"
everlane_web,carbon,https://www.everlane.com/pages/carbon,2026-05-19,106,Get all the details about our efforts to clean up the industry—from our partners to our processes.
everlane_web,carbon,https://www.everlane.com/pages/carbon,2026-05-19,107,Our Factories
everlane_web,carbon,https://www.everlane.com/pages/carbon,2026-05-19,108,Take a peek inside some of our partner factories from around the world.
everlane_web,carbon,https://www.everlane.com/pages/carbon,2026-05-19,109,Our Certifications
everlane_web,carbon,https://www.everlane.com/pages/carbon,2026-05-19,110,We use some of the most respected sustainability standards in the industry.
everlane_web,carbon,https://www.everlane.com/pages/carbon,2026-05-19,111,The Black Friday Fund
everlane_web,carbon,https://www.everlane.com/pages/carbon,2026-05-19,112,"Since we launched the Fund in 2014, we have raised over $1.5 million to support our partners."
everlane_web,preferred-materials,https://www.everlane.com/pages/preferred-materials,2026-05-19,0,PREFERRED MATERIALS
everlane_web,preferred-materials,https://www.everlane.com/pages/preferred-materials,2026-05-19,1,Materials Matter
everlane_web,preferred-materials,https://www.everlane.com/pages/preferred-materials,2026-05-19,2,Materials play a leading role in the overall impacts of a product—contributing roughly 60% of its environmental footprint.
everlane_web,preferred-materials,https://www.everlane.com/pages/preferred-materials,2026-05-19,3,"As such, our goal is straightforward: minimize these impacts by using certified recycled, organic, renewable, and responsibly-sourced materials, while maintaining the quality and longevity of our product—with the aim to have 100% of our materials meet these criteria by 2025."
everlane_web,preferred-materials,https://www.everlane.com/pages/preferred-materials,2026-05-19,4,Giving Our Fabrics the Preferential Treatment
everlane_web,preferred-materials,https://www.everlane.com/pages/preferred-materials,2026-05-19,5,The first step to achieving our goals is developing preferred material standards.
everlane_web,preferred-materials,https://www.everlane.com/pages/preferred-materials,2026-05-19,6,"Across our fiber and material impacts, we account for details like greenhouse gas emissions, energy and water consumption, toxicity, and traceability (to name just a few)."
everlane_web,preferred-materials,https://www.everlane.com/pages/preferred-materials,2026-05-19,7,"We use a variety of tools and certifications to measure and validate these impacts, enabling us to make informed choices about the materials we source."
everlane_web,preferred-materials,https://www.everlane.com/pages/preferred-materials,2026-05-19,8,Our preferred standards are built around scientifically and objectively verified criteria:
everlane_web,preferred-materials,https://www.everlane.com/pages/preferred-materials,2026-05-19,9,"Greater environmental sustainability attributes or lower environmental impacts, as demonstrated by LCA studies."
everlane_web,preferred-materials,https://www.everlane.com/pages/preferred-materials,2026-05-19,10,"Improved social sustainability attributes, for people or animals."
everlane_web,preferred-materials,https://www.everlane.com/pages/preferred-materials,2026-05-19,11,A robust chain of custody system in place to track or trace the material from origin.
everlane_web,preferred-materials,https://www.everlane.com/pages/preferred-materials,2026-05-19,12,"A recognized industry standard, certification, or testing protocol in place for verification."
everlane_web,preferred-materials,https://www.everlane.com/pages/preferred-materials,2026-05-19,13,We're Good
everlane_web,preferred-materials,https://www.everlane.com/pages/preferred-materials,2026-05-19,14,Performers
everlane_web,preferred-materials,https://www.everlane.com/pages/preferred-materials,2026-05-19,15,We're Good
everlane_web,preferred-materials,https://www.everlane.com/pages/preferred-materials,2026-05-19,16,Performers
everlane_web,preferred-materials,https://www.everlane.com/pages/preferred-materials,2026-05-19,17,"We benchmark our preferred material strategy and progress against the Corporate Fiber & Material Benchmark, an industry benchmark and reporting framework put forth by the Textile Exchange."
everlane_web,preferred-materials,https://www.everlane.com/pages/preferred-materials,2026-05-19,18,We are pleased to have received a performance level of “Leading Transformational Change” in the industry for the past three years.
everlane_web,preferred-materials,https://www.everlane.com/pages/preferred-materials,2026-05-19,19,Read our latest Impact Report to learn more about our year-over-year progress in preferred materials.
everlane_web,preferred-materials,https://www.everlane.com/pages/preferred-materials,2026-05-19,20,READ MORE
everlane_web,preferred-materials,https://www.everlane.com/pages/preferred-materials,2026-05-19,21,What We’re Made Of
everlane_web,preferred-materials,https://www.everlane.com/pages/preferred-materials,2026-05-19,22,Cotton
everlane_web,preferred-materials,https://www.everlane.com/pages/preferred-materials,2026-05-19,23,"Cotton is our most used material, and one of our customer favorites, but sourcing cotton comes with a wide range of challenges."
everlane_web,preferred-materials,https://www.everlane.com/pages/preferred-materials,2026-05-19,24,"Worldwide, conventional cotton farming uses concerning amounts of toxic pesticides that are stripping the land of nutrients, contaminating waterways, and endangering the people who grow it."
everlane_web,preferred-materials,https://www.everlane.com/pages/preferred-materials,2026-05-19,25,We utilize alternatives to conventional cotton methods to deliver on our sustainability goals.
everlane_web,preferred-materials,https://www.everlane.com/pages/preferred-materials,2026-05-19,26,Organic Cotton
everlane_web,preferred-materials,https://www.everlane.com/pages/preferred-materials,2026-05-19,27,The vast majority of cotton we use (over 75%!)
everlane_web,preferred-materials,https://www.everlane.com/pages/preferred-materials,2026-05-19,28,is certified organic from seed to shirt—via the Organic Content Standard (OCS) or other third-party verified organic manufacturing standards.
everlane_web,preferred-materials,https://www.everlane.com/pages/preferred-materials,2026-05-19,29,"Using organic cotton means cleaner and lower water usage, lower pesticide use, healthier soil, and a safer working environment for cotton farmers, compared to conventional cotton production."
everlane_web,preferred-materials,https://www.everlane.com/pages/preferred-materials,2026-05-19,30,Recycled Cotton
everlane_web,preferred-materials,https://www.everlane.com/pages/preferred-materials,2026-05-19,31,"Recycled cotton presents an excellent opportunity to make good use of materials that already exist—and lower our carbon footprint (by as much as 71% in raw material phase, compared to conventional cotton), minimize waste, and support a circular economy in the process."
everlane_web,preferred-materials,https://www.everlane.com/pages/preferred-materials,2026-05-19,32,Regenerative Cotton
everlane_web,preferred-materials,https://www.everlane.com/pages/preferred-materials,2026-05-19,33,"Regenerative agriculture practices like cover cropping, crop rotation, and low/no-till practices can restore land, biodiversity, and help draw carbon from the atmosphere and into the soil."
everlane_web,preferred-materials,https://www.everlane.com/pages/preferred-materials,2026-05-19,34,"Since 2021, we’ve partnered with the Rodale Institute to increase the adoption of regenerative farm practices."
everlane_web,preferred-materials,https://www.everlane.com/pages/preferred-materials,2026-05-19,35,"More recently, we’ve adopted Good Earth Cotton®–the world’s only climate-positive, regenerative cotton that is fully traceable from farm to finished product."
everlane_web,preferred-materials,https://www.everlane.com/pages/preferred-materials,2026-05-19,36,Farm-Traceable Cotton
everlane_web,preferred-materials,https://www.everlane.com/pages/preferred-materials,2026-05-19,37,"In a few cases, we choose to support farm-traceable cotton projects, like Supima®—a domestically-sourced cotton with full supply chain visibility, right down to the farm level."
everlane_web,preferred-materials,https://www.everlane.com/pages/preferred-materials,2026-05-19,38,"Grown in the USA on just over 500 farms, Supima® is distinguished by its extra-long fiber length, durability, and softer hand feel, and is grown using state of the art technology to minimize natural resource inputs."
everlane_web,preferred-materials,https://www.everlane.com/pages/preferred-materials,2026-05-19,39,Man-Made Cellulosic Fibers
everlane_web,preferred-materials,https://www.everlane.com/pages/preferred-materials,2026-05-19,40,"Man-made cellulosic fibers, or MMCFs, are considered a regenerated fiber source because they are derived from the dissolved pulp (cellulose) of trees, and include materials such as viscose, lyocell, modal, and acetate."
everlane_web,preferred-materials,https://www.everlane.com/pages/preferred-materials,2026-05-19,41,"We partner with the CanopyStyle initiative and have set a responsible forest policy—we are committed to protecting ancient and endangered forests, promoting closed-loop water and chemistry practices solutions for our MMCF supply chain, and adopting next-generation alternatives over time."
everlane_web,preferred-materials,https://www.everlane.com/pages/preferred-materials,2026-05-19,42,Forestry Stewardship Council (FSC) Certified
everlane_web,preferred-materials,https://www.everlane.com/pages/preferred-materials,2026-05-19,43,"There are inherent risks to the conventional way of sourcing MMCFs, namely the source of the trees being harvested (too often from ancient and endangered forests, impacting the species and people that call them home)."
everlane_web,preferred-materials,https://www.everlane.com/pages/preferred-materials,2026-05-19,44,We source MMCFs that are derived exclusively from FSC-certified origins to safeguard against these risks.
everlane_web,preferred-materials,https://www.everlane.com/pages/preferred-materials,2026-05-19,45,CanopyStyle Dark Green Shirts
everlane_web,preferred-materials,https://www.everlane.com/pages/preferred-materials,2026-05-19,46,A “Dark Green Shirt” is the highest rating a MMCF supplier can achieve through CanopyStyle’s Hot Button Report.
everlane_web,preferred-materials,https://www.everlane.com/pages/preferred-materials,2026-05-19,47,"We only work with suppliers that are rated “Light Green” or “Dark Green,” meaning they surpass audit standards for forest conservation techniques, chemical, air, and emissions management, and traceability and transparent sourcing."
everlane_web,preferred-materials,https://www.everlane.com/pages/preferred-materials,2026-05-19,48,Our goal is to source from only “Dark Green Shirt” designated suppliers by 2025.
everlane_web,preferred-materials,https://www.everlane.com/pages/preferred-materials,2026-05-19,49,Name Drop: TENCEL™
everlane_web,preferred-materials,https://www.everlane.com/pages/preferred-materials,2026-05-19,50,We partner with leading MMCF producers that provide enhanced traceability of their fibers and quantifiable reduction of environmental impacts.
everlane_web,preferred-materials,https://www.everlane.com/pages/preferred-materials,2026-05-19,51,"Our partners include Lenzing (producers of TENCEL™ Lyocell, TENCEL™ Modal, ECOVERO™ Viscose, and TENCEL™ Lyocell with REFIBRA™) and Eastman (producers of Naia™ Renew)."
everlane_web,preferred-materials,https://www.everlane.com/pages/preferred-materials,2026-05-19,52,Next-Gen Materials
everlane_web,preferred-materials,https://www.everlane.com/pages/preferred-materials,2026-05-19,53,"Our long-term goal is to increasingly adopt next-generation solutions for MMCFs, incorporating textile waste as a feedstock to complement or replace the cellulose needed from wood pulp."
everlane_web,preferred-materials,https://www.everlane.com/pages/preferred-materials,2026-05-19,54,"We’ll continue to build on the success of TENCEL™ Lyocell with REFIBRA™ technology, which uses up to 33% upcycled cotton scraps as a source for its cellulose."
everlane_web,preferred-materials,https://www.everlane.com/pages/preferred-materials,2026-05-19,55,Bast Fibers
everlane_web,preferred-materials,https://www.everlane.com/pages/preferred-materials,2026-05-19,56,"Another natural fiber category beloved by our customers is bast fibers, like linen and hemp, which are light on the land compared to other natural materials like conventional cotton, because they require less water and little to no pesticides for a successful crop yield."
everlane_web,preferred-materials,https://www.everlane.com/pages/preferred-materials,2026-05-19,57,"In both cases, we are prioritizing traceable supply, field-retting processes, and verifiably lower environmental impacts."
everlane_web,preferred-materials,https://www.everlane.com/pages/preferred-materials,2026-05-19,58,Linen
everlane_web,preferred-materials,https://www.everlane.com/pages/preferred-materials,2026-05-19,59,We love linen because it is an old-world fiber with a low environmental impact.
everlane_web,preferred-materials,https://www.everlane.com/pages/preferred-materials,2026-05-19,60,"Made from the flax plant, linen uses lower amounts of water, pesticides, and chemical inputs compared to other natural fibers like conventional cotton."
everlane_web,preferred-materials,https://www.everlane.com/pages/preferred-materials,2026-05-19,61,"We’re partnering with the European Flax™ Standard, which certifies origin and traceability from farm to finished garment."
everlane_web,preferred-materials,https://www.everlane.com/pages/preferred-materials,2026-05-19,62,"Sourced exclusively from Belgium, France, and the Netherlands, European Flax™ linen uses no GMOs, little-to-no irrigation, and utilizes all parts of the plant for a zero-waste operation."
everlane_web,preferred-materials,https://www.everlane.com/pages/preferred-materials,2026-05-19,63,Hemp
everlane_web,preferred-materials,https://www.everlane.com/pages/preferred-materials,2026-05-19,64,"Hemp is a strong, long-lasting fiber that requires little water to cultivate."
everlane_web,preferred-materials,https://www.everlane.com/pages/preferred-materials,2026-05-19,65,"Plus, it naturally replenishes soil quality and grows without the need for harmful herbicides or pesticides—making it light on the planet too."
everlane_web,preferred-materials,https://www.everlane.com/pages/preferred-materials,2026-05-19,66,Recycled Polymers
everlane_web,preferred-materials,https://www.everlane.com/pages/preferred-materials,2026-05-19,67,"In 2018, we set a bold commitment to remove all virgin and single-use plastics from our product and packaging."
everlane_web,preferred-materials,https://www.everlane.com/pages/preferred-materials,2026-05-19,68,"Using recycled materials repurposes resources, reduces inputs, and diverts would-be-waste materials away from landfills."
everlane_web,preferred-materials,https://www.everlane.com/pages/preferred-materials,2026-05-19,69,"While the vast majority of materials we use are natural fibers, we utilize recycled synthetics where they have a clear performance or durability advantage."
everlane_web,preferred-materials,https://www.everlane.com/pages/preferred-materials,2026-05-19,70,Recycled Polyester
everlane_web,preferred-materials,https://www.everlane.com/pages/preferred-materials,2026-05-19,71,"Our recycled polyester yarns come from repurposed, post-consumer plastic bottles and are certified to the Global Recycled Standard (GRS)."
everlane_web,preferred-materials,https://www.everlane.com/pages/preferred-materials,2026-05-19,72,"Post-consumer plastic bottles are cleaned, sorted, and melted into pellets before being filtered and spun into renewed polyester threads that we use in products like our ReNew Transit bags and performance outerwear."
everlane_web,preferred-materials,https://www.everlane.com/pages/preferred-materials,2026-05-19,73,"We also use a highly traceable, lower impact, branded version of recycled polyester, called REPREVE®."
everlane_web,preferred-materials,https://www.everlane.com/pages/preferred-materials,2026-05-19,74,Recycled Nylon
everlane_web,preferred-materials,https://www.everlane.com/pages/preferred-materials,2026-05-19,75,"We use recycled nylon in yarns and fabrics for performance and durability, and always ensure that the content we source is certified to the GRS or RCS standards."
everlane_web,preferred-materials,https://www.everlane.com/pages/preferred-materials,2026-05-19,76,"We also use a special yarn called ECONYL®, a 100% regenerated nylon fiber made from nylon waste, like fishing nets, fabric scraps, carpet flooring, and industrial plastic rescued from all over the world."
everlane_web,preferred-materials,https://www.everlane.com/pages/preferred-materials,2026-05-19,77,Trims & Components
everlane_web,preferred-materials,https://www.everlane.com/pages/preferred-materials,2026-05-19,78,"In our quest to remove all virgin plastics from our product, we are also focusing efforts on trims, components, and other sundries."
everlane_web,preferred-materials,https://www.everlane.com/pages/preferred-materials,2026-05-19,79,"45% of our plastic footwear components (think structural pieces like heel boxes, toe lifts, and sneaker laces) are now made from recycled materials."
everlane_web,preferred-materials,https://www.everlane.com/pages/preferred-materials,2026-05-19,80,"We’ve also adopted a 100% recycled, high-performance insulation fill by Primaloft®."
everlane_web,preferred-materials,https://www.everlane.com/pages/preferred-materials,2026-05-19,81,Elastane
everlane_web,preferred-materials,https://www.everlane.com/pages/preferred-materials,2026-05-19,82,"For elastane, the issues are complex."
everlane_web,preferred-materials,https://www.everlane.com/pages/preferred-materials,2026-05-19,83,"There is currently no good way to recycle elastane, which makes finding feedstock for recycled elastane a stretch goal (pun intended)."
everlane_web,preferred-materials,https://www.everlane.com/pages/preferred-materials,2026-05-19,84,"We continue to partner with innovative elastane manufacturers (like ROICA™ V550) and introduced a partly recycled elastane in some of our styles, but we still have a long way to go to achieve parity in performance and availability."
everlane_web,preferred-materials,https://www.everlane.com/pages/preferred-materials,2026-05-19,85,Animal Fibers
everlane_web,preferred-materials,https://www.everlane.com/pages/preferred-materials,2026-05-19,86,"Though animal fibers make up a low percentage of our total sourcing volume each year, we prioritize the ethical treatment of animals in our supply chain and are committed to understanding and reducing the climate-related impacts they pose."
everlane_web,preferred-materials,https://www.everlane.com/pages/preferred-materials,2026-05-19,87,"We are committed to animal welfare, traceability in sourcing, and responsible land management practices, aligned with our 2030 carbon-reduction strategy."
everlane_web,preferred-materials,https://www.everlane.com/pages/preferred-materials,2026-05-19,88,"In addition to prioritizing certified recycled animal fibers, we’ve also developed an animal welfare policy, and have been a RWS and RAS certified brand since 2022."
everlane_web,preferred-materials,https://www.everlane.com/pages/preferred-materials,2026-05-19,89,Everlane strictly prohibits the use of furs and exotic animal skins and hair in our materials and products.
everlane_web,preferred-materials,https://www.everlane.com/pages/preferred-materials,2026-05-19,90,"Though animal fibers make up a low percentage of our total sourcing volume each year, we prioritize the ethical treatment of animals in our supply chain and are committed to understanding and reducing the climate-related impacts they pose."
everlane_web,preferred-materials,https://www.everlane.com/pages/preferred-materials,2026-05-19,91,"We are committed to animal welfare, traceability in sourcing, and responsible land management practices, aligned with our 2030 carbon-reduction strategy."
everlane_web,preferred-materials,https://www.everlane.com/pages/preferred-materials,2026-05-19,92,"In addition to prioritizing certified recycled animal fibers, we’ve also developed an animal welfare policy, and have been a RWS and RAS certified brand since 2022."
everlane_web,preferred-materials,https://www.everlane.com/pages/preferred-materials,2026-05-19,93,Everlane strictly prohibits the use of furs and exotic animal skins and hair in our materials and products.
everlane_web,preferred-materials,https://www.everlane.com/pages/preferred-materials,2026-05-19,94,"Recycled Wool, Cashmere & Down"
everlane_web,preferred-materials,https://www.everlane.com/pages/preferred-materials,2026-05-19,95,"To mitigate risks to animal welfare and climate change, we prioritize the use of GRS-certified recycled animal fibers, such as recycled cashmere, recycled wool, and recycled down."
everlane_web,preferred-materials,https://www.everlane.com/pages/preferred-materials,2026-05-19,96,"We also work with some of the most innovative suppliers to the market, such as Manteco (a world class Italian mill specializing in recycled wool) and Re:Down® (who repurposes feathers and down from pillows, comforters, and sleeping bags)."
everlane_web,preferred-materials,https://www.everlane.com/pages/preferred-materials,2026-05-19,97,"Responsible Wool, Alpaca & Good Cashmere"
everlane_web,preferred-materials,https://www.everlane.com/pages/preferred-materials,2026-05-19,98,"Where virgin fibers and materials must be sourced for quality or availability purposes, we favor suppliers and materials that support industry standards for animal welfare and traceability through chain of custody measures."
everlane_web,preferred-materials,https://www.everlane.com/pages/preferred-materials,2026-05-19,99,"These industry standards include the Responsible Wool Standard (RWS), Responsible Alpaca Standard (RAS), and the Good Cashmere Standard (GCS)."
everlane_web,preferred-materials,https://www.everlane.com/pages/preferred-materials,2026-05-19,100,Regenerative Wool
everlane_web,preferred-materials,https://www.everlane.com/pages/preferred-materials,2026-05-19,101,"An important build on our existing approach to animal fibers includes farming practices that restore soil health, contribute to carbon sequestration, and support thriving ecosystems and biodiversity."
everlane_web,preferred-materials,https://www.everlane.com/pages/preferred-materials,2026-05-19,102,"Over the next few years, we will increase the use of regenerative animal fibers and explore the development of in-transition regenerative farming practices."
everlane_web,preferred-materials,https://www.everlane.com/pages/preferred-materials,2026-05-19,103,"Today, we are proud to partner with ZQRX™ on our regenerative Good Merino Wool program."
everlane_web,preferred-materials,https://www.everlane.com/pages/preferred-materials,2026-05-19,104,Clean Silk
everlane_web,preferred-materials,https://www.everlane.com/pages/preferred-materials,2026-05-19,105,Our Clean Silk comes from a 100% vertical sericulture supply chain that is transparent from farm to finished garment.
everlane_web,preferred-materials,https://www.everlane.com/pages/preferred-materials,2026-05-19,106,"Milled at a GOTS-certified facility, dyed at a bluesign®-certified dyehouse, and made at a LEED-certified factory, our Clean Silk is free of harmful chemicals and uses less energy throughout the production process, compared to conventional silk."
everlane_web,preferred-materials,https://www.everlane.com/pages/preferred-materials,2026-05-19,107,Leather
everlane_web,preferred-materials,https://www.everlane.com/pages/preferred-materials,2026-05-19,108,"Leather is loved for its durability, performance, and patina over time."
everlane_web,preferred-materials,https://www.everlane.com/pages/preferred-materials,2026-05-19,109,"But it is also a material with multiple hotspots—when produced conventionally, leather is associated with a disproportionately high carbon footprint, intense chemical use, worker safety concerns, and traceability challenges."
everlane_web,preferred-materials,https://www.everlane.com/pages/preferred-materials,2026-05-19,110,We’re placing special focus on our impacts associated with leather and have identified two paths forward: cleaning up the supply chains we already work in and investing in lower-impact alternatives.
everlane_web,preferred-materials,https://www.everlane.com/pages/preferred-materials,2026-05-19,111,"We are partnering closely with the Leather Working Group (LWG), and have signed onto the Deforestation-Free Leather Call to Action to ensure our leather is never associated with the destruction of forests and natural ecosystems."
everlane_web,preferred-materials,https://www.everlane.com/pages/preferred-materials,2026-05-19,112,Leather Working Group (LWG)
everlane_web,preferred-materials,https://www.everlane.com/pages/preferred-materials,2026-05-19,113,"The Leather Working Group (LWG) Audit Standards provide transparency and accountability within the leather supply chain—covering energy and water usage, safe chemical practices, worker health and safety, and wastewater management."
everlane_web,preferred-materials,https://www.everlane.com/pages/preferred-materials,2026-05-19,114,Gold and Silver ratings are the highest standards a tannery can receive and over 98% of our virgin leather is sourced through these highly rated tanneries.
everlane_web,preferred-materials,https://www.everlane.com/pages/preferred-materials,2026-05-19,115,Recycled Leather
everlane_web,preferred-materials,https://www.everlane.com/pages/preferred-materials,2026-05-19,116,"Wherever we can, we use recycled materials to lower our carbon footprint and reduce waste—and leather is no different."
everlane_web,preferred-materials,https://www.everlane.com/pages/preferred-materials,2026-05-19,117,"ReLeather®, our recycled leather, is an innovative, long-lasting material that’s made of recycled leather scraps and requires no new tanning or dyeing, with minimal water use and waste."
everlane_web,preferred-materials,https://www.everlane.com/pages/preferred-materials,2026-05-19,118,"It’s leather, reimagined."
everlane_web,preferred-materials,https://www.everlane.com/pages/preferred-materials,2026-05-19,119,We did the math too—ReLeather® material is over 85% less emissions-intensive compared to virgin leather.
everlane_web,preferred-materials,https://www.everlane.com/pages/preferred-materials,2026-05-19,120,Deforestation-Free Leather
everlane_web,preferred-materials,https://www.everlane.com/pages/preferred-materials,2026-05-19,121,"In 2023, we joined the Textile Exchange, World Wildlife Fund, Leather Working Group, and an inaugural group of like-minded brands in an industry-wide call to action: to commit to source all bovine leather from deforestation-free supply chains by 2030 or earlier."
everlane_web,preferred-materials,https://www.everlane.com/pages/preferred-materials,2026-05-19,122,We’re proud to work across sectors to end deforestation and conversion of natural ecosystems linked to leather sourcing.
everlane_web,preferred-materials,https://www.everlane.com/pages/preferred-materials,2026-05-19,123,Bio-Based Leather Alternatives
everlane_web,preferred-materials,https://www.everlane.com/pages/preferred-materials,2026-05-19,124,"We’re exploring innovative next-gen materials made out of bio-based alternatives like cactus, mushrooms, and biofabricated plant oils, which combine the quality of traditional leather with a lower environmental footprint."
everlane_web,preferred-materials,https://www.everlane.com/pages/preferred-materials,2026-05-19,125,"We currently offer two bio-based leather alternatives that boast significant environmental savings while maintaining the same quality, functionality, and longevity: Desserto® Cactus Leather and BioFabbrica Bio-Tex™."
everlane_web,preferred-materials,https://www.everlane.com/pages/preferred-materials,2026-05-19,126,Packaging
everlane_web,preferred-materials,https://www.everlane.com/pages/preferred-materials,2026-05-19,127,"In 2019, we successfully removed all virgin plastics from our packaging—to this day, we exclusively use 100% recycled paper shipping mailers and cartons, and a mixture of 100% recycled LDPE plastic polybags and Seaman Paper Vela™ paper bags, an FSC-certified, glassine paper alternative to traditional plastic polybags."
everlane_web,preferred-materials,https://www.everlane.com/pages/preferred-materials,2026-05-19,128,"When It Comes to Sustainability, We're Oversharers"
everlane_web,preferred-materials,https://www.everlane.com/pages/preferred-materials,2026-05-19,129,Get all the details about our efforts to clean up the industry—from our partners to our processes.
everlane_web,preferred-materials,https://www.everlane.com/pages/preferred-materials,2026-05-19,130,The Black Friday Fund
everlane_web,preferred-materials,https://www.everlane.com/pages/preferred-materials,2026-05-19,131,"Since we launched the Fund in 2014, we have raised over $1.5 million to support our partners."
everlane_web,preferred-materials,https://www.everlane.com/pages/preferred-materials,2026-05-19,132,LEARN MORE
everlane_web,preferred-materials,https://www.everlane.com/pages/preferred-materials,2026-05-19,133,We Won A Glossy Award
everlane_web,preferred-materials,https://www.everlane.com/pages/preferred-materials,2026-05-19,134,We’re proud to share that we're the 2023 Sustainable Brand of the Year.
everlane_web,preferred-materials,https://www.everlane.com/pages/preferred-materials,2026-05-19,135,Our Carbon Commitment
everlane_web,preferred-materials,https://www.everlane.com/pages/preferred-materials,2026-05-19,136,We’ve committed to science-based targets to reduce our carbon footprint.
everlane_web,factories/aqua-swim,https://www.everlane.com/pages/factories/aqua-swim,2026-05-19,0,Linea Aqua
everlane_web,factories/aqua-swim,https://www.everlane.com/pages/factories/aqua-swim,2026-05-19,1,Meet Linea Aqua—our WaterNeutral®-certified swimwear factory.
everlane_web,factories/aqua-swim,https://www.everlane.com/pages/factories/aqua-swim,2026-05-19,2,"They’re far from a small facility, but their expertise and unwavering commitment to social and environmental causes have marked them as one of the leading sustainable swimwear manufacturers in the world."
everlane_web,factories/aqua-swim,https://www.everlane.com/pages/factories/aqua-swim,2026-05-19,3,"To produce this summer’s swim collection, we sought a way to help clean our waters, not pollute them."
everlane_web,factories/aqua-swim,https://www.everlane.com/pages/factories/aqua-swim,2026-05-19,4,There was one factory that resonated with us: Linea Aqua.
everlane_web,factories/aqua-swim,https://www.everlane.com/pages/factories/aqua-swim,2026-05-19,5,"They reuse and recycle 75% of the water they use back into the factory, offset their carbon footprint, and rely on regenerated plastics to create premium swimwear."
everlane_web,factories/aqua-swim,https://www.everlane.com/pages/factories/aqua-swim,2026-05-19,6,How We Found Them
everlane_web,factories/aqua-swim,https://www.everlane.com/pages/factories/aqua-swim,2026-05-19,7,"We were led to this factory through Linea Aqua’s sister company, MAS Intimates (who, coincidentally, makes our underwear)."
everlane_web,factories/aqua-swim,https://www.everlane.com/pages/factories/aqua-swim,2026-05-19,8,"With their renowned expertise in garment construction, testing, and fit (hello, 2004 Olympics swimwear manufacturer), we knew we were at the right spot."
everlane_web,factories/aqua-swim,https://www.everlane.com/pages/factories/aqua-swim,2026-05-19,9,The Material
everlane_web,factories/aqua-swim,https://www.everlane.com/pages/factories/aqua-swim,2026-05-19,10,"Our swim collection is made from 13,768 pounds of recycled plastic."
everlane_web,factories/aqua-swim,https://www.everlane.com/pages/factories/aqua-swim,2026-05-19,11,Each swimsuit is comprised of 82% ECONYL® regenerated nylon.
everlane_web,factories/aqua-swim,https://www.everlane.com/pages/factories/aqua-swim,2026-05-19,12,"Linea Aqua teams up with a pioneering company called Aquafil who collects plastic items from around the world to sort, clean, and recover as much nylon from them as possible."
everlane_web,factories/aqua-swim,https://www.everlane.com/pages/factories/aqua-swim,2026-05-19,13,"Then, their team purifies and regenerates that waste to create ECONYL®."
everlane_web,factories/aqua-swim,https://www.everlane.com/pages/factories/aqua-swim,2026-05-19,14,"This newly regenerated nylon is spun into yarn and sent to our partner mill in Lombardy, Italy, to be knitted together with elastane (for added comfort and stretch)."
everlane_web,factories/aqua-swim,https://www.everlane.com/pages/factories/aqua-swim,2026-05-19,15,This results in the highest quality swimwear fabric.
everlane_web,factories/aqua-swim,https://www.everlane.com/pages/factories/aqua-swim,2026-05-19,16,The best part?
everlane_web,factories/aqua-swim,https://www.everlane.com/pages/factories/aqua-swim,2026-05-19,17,ECONYL® yarn is better in terms of climate change.
everlane_web,factories/aqua-swim,https://www.everlane.com/pages/factories/aqua-swim,2026-05-19,18,It reduces the global warming impact by up to 90% (compared to virgin nylon).
everlane_web,factories/aqua-swim,https://www.everlane.com/pages/factories/aqua-swim,2026-05-19,19,About The Factory
everlane_web,factories/aqua-swim,https://www.everlane.com/pages/factories/aqua-swim,2026-05-19,20,"Since 2001, Linea Aqua has placed a heavy emphasis on sustainability."
everlane_web,factories/aqua-swim,https://www.everlane.com/pages/factories/aqua-swim,2026-05-19,21,"The result: They’ve been awarded a plethora of environmental recognition, including CarbonConscious, WaterConscious, and WasteConscious certifications from the Sustainable Future Group."
everlane_web,factories/aqua-swim,https://www.everlane.com/pages/factories/aqua-swim,2026-05-19,22,"To receive these certifications, Linea Aqua adheres to a stringent protocol that measures the factory’s greenhouse gas emissions, waste generation, water consumption and waste, and their environmental impact plan."
everlane_web,factories/aqua-swim,https://www.everlane.com/pages/factories/aqua-swim,2026-05-19,23,And it doesn’t stop there.
everlane_web,factories/aqua-swim,https://www.everlane.com/pages/factories/aqua-swim,2026-05-19,24,The factory became the first WaterNeutral®-certified apparel manufacturing facility in the world.
everlane_web,factories/aqua-swim,https://www.everlane.com/pages/factories/aqua-swim,2026-05-19,25,"They systematically monitor, reuse, and recycle their water back into the factory."
everlane_web,factories/aqua-swim,https://www.everlane.com/pages/factories/aqua-swim,2026-05-19,26,"So, what’s next for them?"
everlane_web,factories/aqua-swim,https://www.everlane.com/pages/factories/aqua-swim,2026-05-19,27,Their goal is to reduce their water consumption by 75% before 2025.
everlane_web,factories/aqua-swim,https://www.everlane.com/pages/factories/aqua-swim,2026-05-19,28,FACTORY NAME
everlane_web,factories/aqua-swim,https://www.everlane.com/pages/factories/aqua-swim,2026-05-19,29,Linea Aqua Hanwella
everlane_web,factories/aqua-swim,https://www.everlane.com/pages/factories/aqua-swim,2026-05-19,30,LOCATION
everlane_web,factories/aqua-swim,https://www.everlane.com/pages/factories/aqua-swim,2026-05-19,31,Sri Lanka
everlane_web,factories/aqua-swim,https://www.everlane.com/pages/factories/aqua-swim,2026-05-19,32,EMPLOYEE
everlane_web,factories/aqua-swim,https://www.everlane.com/pages/factories/aqua-swim,2026-05-19,33,3100
everlane_web,factories/aqua-swim,https://www.everlane.com/pages/factories/aqua-swim,2026-05-19,34,PRODUCT TYPE
everlane_web,factories/aqua-swim,https://www.everlane.com/pages/factories/aqua-swim,2026-05-19,35,Swimwear
everlane_web,factories/aqua-swim,https://www.everlane.com/pages/factories/aqua-swim,2026-05-19,36,EVERLANE PARTNER SINCE
everlane_web,factories/aqua-swim,https://www.everlane.com/pages/factories/aqua-swim,2026-05-19,37,2019
everlane_web,factories/brazil-shoes,https://www.everlane.com/pages/factories/brazil-shoes,2026-05-19,0,Wirth
everlane_web,factories/brazil-shoes,https://www.everlane.com/pages/factories/brazil-shoes,2026-05-19,1,"This family-owned factory uses a combination of new and old shoe-making techniques, including many of the same construction methods employed by its founder, João Arlindo Wirth, 70 years ago."
everlane_web,factories/brazil-shoes,https://www.everlane.com/pages/factories/brazil-shoes,2026-05-19,2,"Started as a one-man operation in the town of Dois Irmãos, this factory is now run by the founder's sons, Ricardo and Sergio, and their cousins, Yeda and Lauri."
everlane_web,factories/brazil-shoes,https://www.everlane.com/pages/factories/brazil-shoes,2026-05-19,3,"They were all born in the same town where the factory is located, and they all work as directors in the business."
everlane_web,factories/brazil-shoes,https://www.everlane.com/pages/factories/brazil-shoes,2026-05-19,4,"At the factory, decades of family experience in craftsmanship is passed on to employees, who create shoes with traditional techniques and specialized machinery."
everlane_web,factories/brazil-shoes,https://www.everlane.com/pages/factories/brazil-shoes,2026-05-19,5,The average pair takes nearly an hour and a half of labor to produce.
everlane_web,factories/brazil-shoes,https://www.everlane.com/pages/factories/brazil-shoes,2026-05-19,6,We also appreciate how this organization takes pride in taking care of its people.
everlane_web,factories/brazil-shoes,https://www.everlane.com/pages/factories/brazil-shoes,2026-05-19,7,"The factory offers transportation to and from work, a cafeteria for meals, health and dental care, and financial aid for employees and their children’s education."
everlane_web,factories/brazil-shoes,https://www.everlane.com/pages/factories/brazil-shoes,2026-05-19,8,That’s just the kind of progressive standard-setting we love to see.
everlane_web,factories/brazil-shoes,https://www.everlane.com/pages/factories/brazil-shoes,2026-05-19,9,FACTORY NAME
everlane_web,factories/brazil-shoes,https://www.everlane.com/pages/factories/brazil-shoes,2026-05-19,10,Industria de Calcados Wirth Ltda.
everlane_web,factories/brazil-shoes,https://www.everlane.com/pages/factories/brazil-shoes,2026-05-19,11,LOCATION
everlane_web,factories/brazil-shoes,https://www.everlane.com/pages/factories/brazil-shoes,2026-05-19,12,Brazil
everlane_web,factories/brazil-shoes,https://www.everlane.com/pages/factories/brazil-shoes,2026-05-19,13,EMPLOYEE
everlane_web,factories/brazil-shoes,https://www.everlane.com/pages/factories/brazil-shoes,2026-05-19,14,608
everlane_web,factories/brazil-shoes,https://www.everlane.com/pages/factories/brazil-shoes,2026-05-19,15,PRODUCT TYPE
everlane_web,factories/brazil-shoes,https://www.everlane.com/pages/factories/brazil-shoes,2026-05-19,16,Leather Shoes
everlane_web,factories/brazil-shoes,https://www.everlane.com/pages/factories/brazil-shoes,2026-05-19,17,EVERLANE PARTNER SINCE
everlane_web,factories/brazil-shoes,https://www.everlane.com/pages/factories/brazil-shoes,2026-05-19,18,2020
everlane_web,factories/cashmere,https://www.everlane.com/pages/factories/cashmere,2026-05-19,0,Knit Sources
everlane_web,factories/cashmere,https://www.everlane.com/pages/factories/cashmere,2026-05-19,1,This factory currently makes the pieces in our cashmere collection.
everlane_web,factories/cashmere,https://www.everlane.com/pages/factories/cashmere,2026-05-19,2,"They are experts in their field, and the operation runs like a well-oiled machine."
everlane_web,factories/cashmere,https://www.everlane.com/pages/factories/cashmere,2026-05-19,3,"Established in 2000, this factory employs 800 people in the city of Dongguan."
everlane_web,factories/cashmere,https://www.everlane.com/pages/factories/cashmere,2026-05-19,4,The grounds of the factory are simple yet elegant.
everlane_web,factories/cashmere,https://www.everlane.com/pages/factories/cashmere,2026-05-19,5,On our last visit we toured the local cafeteria and discussed what many workers do for fun.
everlane_web,factories/cashmere,https://www.everlane.com/pages/factories/cashmere,2026-05-19,6,"On the weekends, they often run into town for movies or play mahjong in the courtyard."
everlane_web,factories/cashmere,https://www.everlane.com/pages/factories/cashmere,2026-05-19,7,How We Found It
everlane_web,factories/cashmere,https://www.everlane.com/pages/factories/cashmere,2026-05-19,8,"When we decided to produce cashmere, we knew we had to work with the same factories used by top brands."
everlane_web,factories/cashmere,https://www.everlane.com/pages/factories/cashmere,2026-05-19,9,"Luckily, we had a friend in the industry willing to make an introduction."
everlane_web,factories/cashmere,https://www.everlane.com/pages/factories/cashmere,2026-05-19,10,"When he called Mr. Chu, he introduced Everlane as “a small brand that might have small units today, but will grow tremendously over the coming years.”"
everlane_web,factories/cashmere,https://www.everlane.com/pages/factories/cashmere,2026-05-19,11,This factory took a chance on us for our first production run.
everlane_web,factories/cashmere,https://www.everlane.com/pages/factories/cashmere,2026-05-19,12,The Material
everlane_web,factories/cashmere,https://www.everlane.com/pages/factories/cashmere,2026-05-19,13,Developing cashmere yarn is as much an art as it is a science.
everlane_web,factories/cashmere,https://www.everlane.com/pages/factories/cashmere,2026-05-19,14,It starts with finding the best fibers—15 microns wide and 35 millimeters in length—and then spinning them into fine yarn.
everlane_web,factories/cashmere,https://www.everlane.com/pages/factories/cashmere,2026-05-19,15,We went on a global search and sourced samples from 10 different suppliers.
everlane_web,factories/cashmere,https://www.everlane.com/pages/factories/cashmere,2026-05-19,16,"We ultimately settled on a supplier of Grade-A cashmere, who sourced directly from Inner Mongolia and spun the yarn on Italian machines in Ningbo, China."
everlane_web,factories/cashmere,https://www.everlane.com/pages/factories/cashmere,2026-05-19,17,About the Owner
everlane_web,factories/cashmere,https://www.everlane.com/pages/factories/cashmere,2026-05-19,18,Mr. Chu is both an owner and a partner of many factories.
everlane_web,factories/cashmere,https://www.everlane.com/pages/factories/cashmere,2026-05-19,19,This factory is a joint venture with his longtime friend Mr. Lee.
everlane_web,factories/cashmere,https://www.everlane.com/pages/factories/cashmere,2026-05-19,20,"When we first met Mr. Lee, we spent two days accompanied by members of his team touring a variety of spinning, dyeing, and knitting facilities in the region."
everlane_web,factories/cashmere,https://www.everlane.com/pages/factories/cashmere,2026-05-19,21,FACTORY NAME
everlane_web,factories/cashmere,https://www.everlane.com/pages/factories/cashmere,2026-05-19,22,Dongguan Leroy Far East Knitwears Ltd
everlane_web,factories/cashmere,https://www.everlane.com/pages/factories/cashmere,2026-05-19,23,LOCATION
everlane_web,factories/cashmere,https://www.everlane.com/pages/factories/cashmere,2026-05-19,24,China
everlane_web,factories/cashmere,https://www.everlane.com/pages/factories/cashmere,2026-05-19,25,EMPLOYEE
everlane_web,factories/cashmere,https://www.everlane.com/pages/factories/cashmere,2026-05-19,26,700
everlane_web,factories/cashmere,https://www.everlane.com/pages/factories/cashmere,2026-05-19,27,PRODUCT TYPE
everlane_web,factories/cashmere,https://www.everlane.com/pages/factories/cashmere,2026-05-19,28,Sweaters
everlane_web,factories/cashmere,https://www.everlane.com/pages/factories/cashmere,2026-05-19,29,EVERLANE PARTNER SINCE
everlane_web,factories/cashmere,https://www.everlane.com/pages/factories/cashmere,2026-05-19,30,2011
everlane_web,factories/day-glove,https://www.everlane.com/pages/factories/day-glove,2026-05-19,0,Spinnaker
everlane_web,factories/day-glove,https://www.everlane.com/pages/factories/day-glove,2026-05-19,1,"To create a beautiful shoe that moves like a sneaker, we needed to find expert artisans with mastery of traditional Italian shoe-making techniques."
everlane_web,factories/day-glove,https://www.everlane.com/pages/factories/day-glove,2026-05-19,2,We found them—where else?—at a family-owned factory in Tuscany.
everlane_web,factories/day-glove,https://www.everlane.com/pages/factories/day-glove,2026-05-19,3,<h3>The Team</h3>
everlane_web,factories/day-glove,https://www.everlane.com/pages/factories/day-glove,2026-05-19,4,<p>We only work with factories that meet our standards for ethical manufacturing and fair labor conditions.
everlane_web,factories/day-glove,https://www.everlane.com/pages/factories/day-glove,2026-05-19,5,This factory and its people were real standouts.
everlane_web,factories/day-glove,https://www.everlane.com/pages/factories/day-glove,2026-05-19,6,"They also have a deep commitment to traditional Italian craftsmanship, handling all of their leather quality control and cutting on site."
everlane_web,factories/day-glove,https://www.everlane.com/pages/factories/day-glove,2026-05-19,7,"From finding the best leather-finishing processes to spending the time getting the back tab piping just right, their 18-person team is responsible for creating the magic behind our Day Glove.</p>"
everlane_web,factories/day-glove,https://www.everlane.com/pages/factories/day-glove,2026-05-19,8,The Materials
everlane_web,factories/day-glove,https://www.everlane.com/pages/factories/day-glove,2026-05-19,9,"Comfort and quality were major points of emphasis when designing this shoe, so we worked with the factory team to source superior Tuscan leather and a rubber outsole that is both soft and supportive, with ample flexibility to move with your foot."
everlane_web,factories/day-glove,https://www.everlane.com/pages/factories/day-glove,2026-05-19,10,"To get the outsole to fit perfectly to the upper part of the shoe, the team repeatedly re-worked the process until each pairing was even and clean."
everlane_web,factories/day-glove,https://www.everlane.com/pages/factories/day-glove,2026-05-19,11,"To ensure sharp, crisp cuts for the insole perforations, they did it by hand—the old-fashioned way, with a mallet and an awl-like tool."
everlane_web,factories/day-glove,https://www.everlane.com/pages/factories/day-glove,2026-05-19,12,Perfecting the leather was also key.
everlane_web,factories/day-glove,https://www.everlane.com/pages/factories/day-glove,2026-05-19,13,Bright and light-colored shoes often have a finish that looks as if it’s been painted on—that's no good.
everlane_web,factories/day-glove,https://www.everlane.com/pages/factories/day-glove,2026-05-19,14,"This leather is tanned and dyed at a partner tannery in Tuscany, achieving a natural finish to match its natural feel."
everlane_web,factories/day-glove,https://www.everlane.com/pages/factories/day-glove,2026-05-19,15,The factory then lightly stamps it with a pebble texture before tumbling it in a large drum to accentuate the textured look and give it an extra-supple feel.
everlane_web,factories/day-glove,https://www.everlane.com/pages/factories/day-glove,2026-05-19,16,"The finished leather not only holds color brilliantly, but it’s also strong enough to be worn as an unlined shoe."
everlane_web,factories/day-glove,https://www.everlane.com/pages/factories/day-glove,2026-05-19,17,"Plus, it’s smooth, super soft, and pliable enough to mold to fit your foot like, well, a glove."
everlane_web,factories/day-glove,https://www.everlane.com/pages/factories/day-glove,2026-05-19,18,The Town
everlane_web,factories/day-glove,https://www.everlane.com/pages/factories/day-glove,2026-05-19,19,East of Pisa and west of Florence sits Santa Maria a Monte.
everlane_web,factories/day-glove,https://www.everlane.com/pages/factories/day-glove,2026-05-19,20,"Atop one of the many rolling Tuscan hills, this comune (the Italian equivalent of a village) dates back to at least the 13th century."
everlane_web,factories/day-glove,https://www.everlane.com/pages/factories/day-glove,2026-05-19,21,"Winding arcs of side streets are full of cafes, and the view from the hill over lush countryside and tiled roofs is not to be missed."
everlane_web,factories/day-glove,https://www.everlane.com/pages/factories/day-glove,2026-05-19,22,Suffice it to say that we’re happy to visit this factory as often as we can.
everlane_web,factories/day-glove,https://www.everlane.com/pages/factories/day-glove,2026-05-19,23,FACTORY NAME
everlane_web,factories/day-glove,https://www.everlane.com/pages/factories/day-glove,2026-05-19,24,"Saitex International DOng Nai (VN) Co., Ltd."
everlane_web,factories/day-glove,https://www.everlane.com/pages/factories/day-glove,2026-05-19,25,LOCATION
everlane_web,factories/day-glove,https://www.everlane.com/pages/factories/day-glove,2026-05-19,26,Vietnam
everlane_web,factories/day-glove,https://www.everlane.com/pages/factories/day-glove,2026-05-19,27,EMPLOYEE
everlane_web,factories/day-glove,https://www.everlane.com/pages/factories/day-glove,2026-05-19,28,3238
everlane_web,factories/day-glove,https://www.everlane.com/pages/factories/day-glove,2026-05-19,29,PRODUCT TYPE
everlane_web,factories/day-glove,https://www.everlane.com/pages/factories/day-glove,2026-05-19,30,Denim
everlane_web,factories/day-glove,https://www.everlane.com/pages/factories/day-glove,2026-05-19,31,EVERLANE PARTNER SINCE
everlane_web,factories/day-glove,https://www.everlane.com/pages/factories/day-glove,2026-05-19,32,2016
everlane_web,factories/day-sandal,https://www.everlane.com/pages/factories/day-sandal,2026-05-19,0,Q. Elle
everlane_web,factories/day-sandal,https://www.everlane.com/pages/factories/day-sandal,2026-05-19,1,We can’t seem to stay away from Tuscany for long.
everlane_web,factories/day-sandal,https://www.everlane.com/pages/factories/day-sandal,2026-05-19,2,"It’s a region known for its natural beauty, high art, Chianti, and shoemaking prowess."
everlane_web,factories/day-sandal,https://www.everlane.com/pages/factories/day-sandal,2026-05-19,3,"And, lucky for us, that prowess includes crafting insanely comfortable sandals."
everlane_web,factories/day-sandal,https://www.everlane.com/pages/factories/day-sandal,2026-05-19,4,How We Found It
everlane_web,factories/day-sandal,https://www.everlane.com/pages/factories/day-sandal,2026-05-19,5,The Italian shoe industry still largely operates through personal connections and word-of-mouth recommendations.
everlane_web,factories/day-sandal,https://www.everlane.com/pages/factories/day-sandal,2026-05-19,6,"So when we asked our shoe partner if he knew any small-batch sandal specialists, we were directed to Claudio’s family-owned business in Montopoli in Val d’Arno."
everlane_web,factories/day-sandal,https://www.everlane.com/pages/factories/day-sandal,2026-05-19,7,"Q. Elle has just nine employees, but don’t let that number fool you."
everlane_web,factories/day-sandal,https://www.everlane.com/pages/factories/day-sandal,2026-05-19,8,Each worker has been honing his or her craft for roughly 25 years.
everlane_web,factories/day-sandal,https://www.everlane.com/pages/factories/day-sandal,2026-05-19,9,(Talk about small but mighty.)
everlane_web,factories/day-sandal,https://www.everlane.com/pages/factories/day-sandal,2026-05-19,10,The Materials
everlane_web,factories/day-sandal,https://www.everlane.com/pages/factories/day-sandal,2026-05-19,11,"To be honest, comfortable sandals are hard to come by these days—which is why we decided to defy the standard."
everlane_web,factories/day-sandal,https://www.everlane.com/pages/factories/day-sandal,2026-05-19,12,Our Day Sandals are made with buttery-soft Italian leather and a rubber outsole that flexes with every step.
everlane_web,factories/day-sandal,https://www.everlane.com/pages/factories/day-sandal,2026-05-19,13,"When combined, these components do what our Day Family does best: fits your foot like a glove."
everlane_web,factories/day-sandal,https://www.everlane.com/pages/factories/day-sandal,2026-05-19,14,About the Owner
everlane_web,factories/day-sandal,https://www.everlane.com/pages/factories/day-sandal,2026-05-19,15,"The son of a shoemaker, Claudio sought to follow in his father’s footsteps by opening a factory focused on top-quality craftsmanship."
everlane_web,factories/day-sandal,https://www.everlane.com/pages/factories/day-sandal,2026-05-19,16,"In 2008, he met with our long-time partner in Italy, and the two bonded over their shared vision."
everlane_web,factories/day-sandal,https://www.everlane.com/pages/factories/day-sandal,2026-05-19,17,They then banded together to open shop and make handcrafted Italian sandals from high-quality materials—which is something we could obviously get behind.
everlane_web,factories/day-sandal,https://www.everlane.com/pages/factories/day-sandal,2026-05-19,18,FACTORY NAME
everlane_web,factories/day-sandal,https://www.everlane.com/pages/factories/day-sandal,2026-05-19,19,Q. Elle SRL
everlane_web,factories/day-sandal,https://www.everlane.com/pages/factories/day-sandal,2026-05-19,20,LOCATION
everlane_web,factories/day-sandal,https://www.everlane.com/pages/factories/day-sandal,2026-05-19,21,Italy
everlane_web,factories/day-sandal,https://www.everlane.com/pages/factories/day-sandal,2026-05-19,22,EMPLOYEE
everlane_web,factories/day-sandal,https://www.everlane.com/pages/factories/day-sandal,2026-05-19,23,PRODUCT TYPE
everlane_web,factories/day-sandal,https://www.everlane.com/pages/factories/day-sandal,2026-05-19,24,Leather Sandals
everlane_web,factories/day-sandal,https://www.everlane.com/pages/factories/day-sandal,2026-05-19,25,EVERLANE PARTNER SINCE
everlane_web,factories/day-sandal,https://www.everlane.com/pages/factories/day-sandal,2026-05-19,26,2017
everlane_web,factories/denim-saitex,https://www.everlane.com/pages/factories/denim-saitex,2026-05-19,0,Saitex International
everlane_web,factories/denim-saitex,https://www.everlane.com/pages/factories/denim-saitex,2026-05-19,1,"Meet Saitex, our game-changing denim factory."
everlane_web,factories/denim-saitex,https://www.everlane.com/pages/factories/denim-saitex,2026-05-19,2,"Unlike typical manufacturers, their LEED-certified facility recycles 98% of its water, relies on alternative energy sources, and repurposes byproducts to create premium jeans—minus the waste."
everlane_web,factories/denim-saitex,https://www.everlane.com/pages/factories/denim-saitex,2026-05-19,3,Clean Water
everlane_web,factories/denim-saitex,https://www.everlane.com/pages/factories/denim-saitex,2026-05-19,4,"Saitex’s unique closed system recycles 98% of all water used—and when it comes out the other side, it’s so clean you can drink it."
everlane_web,factories/denim-saitex,https://www.everlane.com/pages/factories/denim-saitex,2026-05-19,5,How?
everlane_web,factories/denim-saitex,https://www.everlane.com/pages/factories/denim-saitex,2026-05-19,6,"They reduce, reuse, and recycle."
everlane_web,factories/denim-saitex,https://www.everlane.com/pages/factories/denim-saitex,2026-05-19,7,"Standard denim manufacturers use “belly” washing machines, which waste as much as 1,500 liters of water per pair of jeans."
everlane_web,factories/denim-saitex,https://www.everlane.com/pages/factories/denim-saitex,2026-05-19,8,"Thanks to Saitex’s closed water system and super-efficient jet washing machines, only .4 liters of water are lost, due only to evaporation."
everlane_web,factories/denim-saitex,https://www.everlane.com/pages/factories/denim-saitex,2026-05-19,9,"On-site rainwater collection pools allow them to minimize the impact of what consumption they do have, and their sophisticated five-step filtration process separates water from toxic contaminants, then sends clean water back into the system."
everlane_web,factories/denim-saitex,https://www.everlane.com/pages/factories/denim-saitex,2026-05-19,10,Clean Energy
everlane_web,factories/denim-saitex,https://www.everlane.com/pages/factories/denim-saitex,2026-05-19,11,"Through its commitment to renewable energy resources like solar power, Saitex has reduced its energy usage by 5.3 million kilowatt-hours of power per year—and reduced CO2 emissions by nearly 80%."
everlane_web,factories/denim-saitex,https://www.everlane.com/pages/factories/denim-saitex,2026-05-19,12,They also plant trees to offset their emissions.
everlane_web,factories/denim-saitex,https://www.everlane.com/pages/factories/denim-saitex,2026-05-19,13,"Unlike traditional driers—which guzzle electricity—Saitex air dries their jeans (yes, like your grandmother used to), using air recycled from hot factory machinery."
everlane_web,factories/denim-saitex,https://www.everlane.com/pages/factories/denim-saitex,2026-05-19,14,"After mostly drying on the conveyor, each pair is briefly finished in a commercial machine."
everlane_web,factories/denim-saitex,https://www.everlane.com/pages/factories/denim-saitex,2026-05-19,15,Clean Waste
everlane_web,factories/denim-saitex,https://www.everlane.com/pages/factories/denim-saitex,2026-05-19,16,"All denim creates a toxic byproduct called sludge, but at Saitex, the sludge is extracted and shipped to a nearby brick factory."
everlane_web,factories/denim-saitex,https://www.everlane.com/pages/factories/denim-saitex,2026-05-19,17,"Mixed with concrete, the toxic material can no longer leech into the environment."
everlane_web,factories/denim-saitex,https://www.everlane.com/pages/factories/denim-saitex,2026-05-19,18,The resulting bricks are used to build affordable homes.
everlane_web,factories/denim-saitex,https://www.everlane.com/pages/factories/denim-saitex,2026-05-19,19,About The Owner
everlane_web,factories/denim-saitex,https://www.everlane.com/pages/factories/denim-saitex,2026-05-19,20,Sanjeev Bahl is a dynamic presence from the first time you meet him.
everlane_web,factories/denim-saitex,https://www.everlane.com/pages/factories/denim-saitex,2026-05-19,21,The energy he brings to improving the apparel industry and minimizing its impact on the planet is infectious.
everlane_web,factories/denim-saitex,https://www.everlane.com/pages/factories/denim-saitex,2026-05-19,22,"He made his way to success in apparel manufacturing years ago, but found himself dissatisfied with the state of the industry status quo of environmentally damaging practices."
everlane_web,factories/denim-saitex,https://www.everlane.com/pages/factories/denim-saitex,2026-05-19,23,"Just three years into operating Saitex, he tore down the factory and built their current facility, aiming to make Saitex the cleanest, most sustainable, denim manufacturing facility on the planet."
everlane_web,factories/denim-saitex,https://www.everlane.com/pages/factories/denim-saitex,2026-05-19,24,"Fittingly, Sanjeev also sits on the Board of Directors for the Sustainable Apparel Coalition."
everlane_web,factories/denim-saitex,https://www.everlane.com/pages/factories/denim-saitex,2026-05-19,25,FACTORY NAME
everlane_web,factories/denim-saitex,https://www.everlane.com/pages/factories/denim-saitex,2026-05-19,26,"Saitex International DOng Nai (VN) Co., Ltd."
everlane_web,factories/denim-saitex,https://www.everlane.com/pages/factories/denim-saitex,2026-05-19,27,LOCATION
everlane_web,factories/denim-saitex,https://www.everlane.com/pages/factories/denim-saitex,2026-05-19,28,Vietnam
everlane_web,factories/denim-saitex,https://www.everlane.com/pages/factories/denim-saitex,2026-05-19,29,EMPLOYEE
everlane_web,factories/denim-saitex,https://www.everlane.com/pages/factories/denim-saitex,2026-05-19,30,3238
everlane_web,factories/denim-saitex,https://www.everlane.com/pages/factories/denim-saitex,2026-05-19,31,PRODUCT TYPE
everlane_web,factories/denim-saitex,https://www.everlane.com/pages/factories/denim-saitex,2026-05-19,32,Denim
everlane_web,factories/denim-saitex,https://www.everlane.com/pages/factories/denim-saitex,2026-05-19,33,EVERLANE PARTNER SINCE
everlane_web,factories/denim-saitex,https://www.everlane.com/pages/factories/denim-saitex,2026-05-19,34,2016
everlane_web,factories/espadrille,https://www.everlane.com/pages/factories/espadrille,2026-05-19,0,Crota
everlane_web,factories/espadrille,https://www.everlane.com/pages/factories/espadrille,2026-05-19,1,"There are two ways to make espadrilles: one relies on synthetic materials, the other on natural fiber and skilled craftspeople."
everlane_web,factories/espadrille,https://www.everlane.com/pages/factories/espadrille,2026-05-19,2,You might guess which one we sought out to make those rope-soled shoes that evoke summers on the Mediterranean coasts.
everlane_web,factories/espadrille,https://www.everlane.com/pages/factories/espadrille,2026-05-19,3,The most common way is the new way: a strand of jute is glued to the outside of a synthetic midsole.
everlane_web,factories/espadrille,https://www.everlane.com/pages/factories/espadrille,2026-05-19,4,"But at this small facility in Elche, Spain, they do it the other way, which is harder to achieve and explain but totally worth the trouble."
everlane_web,factories/espadrille,https://www.everlane.com/pages/factories/espadrille,2026-05-19,5,"Here, worker experience takes the place of highly specialized machinery."
everlane_web,factories/espadrille,https://www.everlane.com/pages/factories/espadrille,2026-05-19,6,"Workers make espadrilles in the original method, where they stretch braided jute between two posts (called espadrille needles), then methodically hand-wrap it around itself to form a shaped coil that becomes the flexible, breathable sole."
everlane_web,factories/espadrille,https://www.everlane.com/pages/factories/espadrille,2026-05-19,7,"Utilizing the original production technique, the upper is meticulously hand-stitched to the outsole."
everlane_web,factories/espadrille,https://www.everlane.com/pages/factories/espadrille,2026-05-19,8,Then they add a vulcanized rubber outsole—a necessary departure from tradition—that helps this classic style last for many summers to come.
everlane_web,factories/espadrille,https://www.everlane.com/pages/factories/espadrille,2026-05-19,9,FACTORY NAME
everlane_web,factories/espadrille,https://www.everlane.com/pages/factories/espadrille,2026-05-19,10,"MIMAS Shoes, S.L."
everlane_web,factories/espadrille,https://www.everlane.com/pages/factories/espadrille,2026-05-19,11,LOCATION
everlane_web,factories/espadrille,https://www.everlane.com/pages/factories/espadrille,2026-05-19,12,Spain
everlane_web,factories/espadrille,https://www.everlane.com/pages/factories/espadrille,2026-05-19,13,EMPLOYEE
everlane_web,factories/espadrille,https://www.everlane.com/pages/factories/espadrille,2026-05-19,14,PRODUCT TYPE
everlane_web,factories/espadrille,https://www.everlane.com/pages/factories/espadrille,2026-05-19,15,Espadrilles
everlane_web,factories/espadrille,https://www.everlane.com/pages/factories/espadrille,2026-05-19,16,EVERLANE PARTNER SINCE
everlane_web,factories/espadrille,https://www.everlane.com/pages/factories/espadrille,2026-05-19,17,2020
everlane_web,factories/forever-sneaker,https://www.everlane.com/pages/factories/forever-sneaker,2026-05-19,0,Dae Yun
everlane_web,factories/forever-sneaker,https://www.everlane.com/pages/factories/forever-sneaker,2026-05-19,1,"Though there are plenty of canvas sneakers on the market, we had something better in mind for our Forever Sneaker."
everlane_web,factories/forever-sneaker,https://www.everlane.com/pages/factories/forever-sneaker,2026-05-19,2,"To make it high-quality, low-impact, and recyclable, we had to find a factory partner experienced with our specific materials and specialized construction techniques."
everlane_web,factories/forever-sneaker,https://www.everlane.com/pages/factories/forever-sneaker,2026-05-19,3,The folks who make our Rain Boot knew just the right people.
everlane_web,factories/forever-sneaker,https://www.everlane.com/pages/factories/forever-sneaker,2026-05-19,4,"Dae Yun Co., Ltd. stands out because they specialize in vulcanization, a method that durably fuses rubber components."
everlane_web,factories/forever-sneaker,https://www.everlane.com/pages/factories/forever-sneaker,2026-05-19,5,"Since their sister factory makes our Rain Boot and those have held up to wear so well, we were confident in their abilities."
everlane_web,factories/forever-sneaker,https://www.everlane.com/pages/factories/forever-sneaker,2026-05-19,6,"They produce for one large European brand and two smaller lines, and their smaller batches allow for more attention to detail."
everlane_web,factories/forever-sneaker,https://www.everlane.com/pages/factories/forever-sneaker,2026-05-19,7,"To make the Forever Sneaker, they first mix the recycled rubber compound, pour it into steel molds, and press it into shape."
everlane_web,factories/forever-sneaker,https://www.everlane.com/pages/factories/forever-sneaker,2026-05-19,8,"The shoe’s upper is made with recycled cotton canvas, stitched together from pieces carefully cut to minimize fabric waste."
everlane_web,factories/forever-sneaker,https://www.everlane.com/pages/factories/forever-sneaker,2026-05-19,9,"Assembly is an impressive feat, with the shoe changing hands down the line as the lasted upper is attached to the midsole, which is then attached to the outsole and foxing."
everlane_web,factories/forever-sneaker,https://www.everlane.com/pages/factories/forever-sneaker,2026-05-19,10,"Once the foxing is trimmed, the shoe is ready to be vulcanized."
everlane_web,factories/forever-sneaker,https://www.everlane.com/pages/factories/forever-sneaker,2026-05-19,11,"Vulcanization is key to making this shoe last for so long, rather than having the outsole separate as is so often the problem with other canvas sneakers."
everlane_web,factories/forever-sneaker,https://www.everlane.com/pages/factories/forever-sneaker,2026-05-19,12,Dae Yun heats our Forever Sneaker at 130°C (266°F) for 65 minutes to create a lasting bond between the different rubber pieces and the canvas upper.
everlane_web,factories/forever-sneaker,https://www.everlane.com/pages/factories/forever-sneaker,2026-05-19,13,It’s the same method used to create a totally waterproof seal when we make our Rain Boot.
everlane_web,factories/forever-sneaker,https://www.everlane.com/pages/factories/forever-sneaker,2026-05-19,14,"After the sneaker is vulcanized, it’s cleaned up, laced, and packed up to start its journey to you."
everlane_web,factories/forever-sneaker,https://www.everlane.com/pages/factories/forever-sneaker,2026-05-19,15,FACTORY NAME
everlane_web,factories/forever-sneaker,https://www.everlane.com/pages/factories/forever-sneaker,2026-05-19,16,Dae Yun Vietnam Co. Ltd.
everlane_web,factories/forever-sneaker,https://www.everlane.com/pages/factories/forever-sneaker,2026-05-19,17,LOCATION
everlane_web,factories/forever-sneaker,https://www.everlane.com/pages/factories/forever-sneaker,2026-05-19,18,Vietnam
everlane_web,factories/forever-sneaker,https://www.everlane.com/pages/factories/forever-sneaker,2026-05-19,19,EMPLOYEE
everlane_web,factories/forever-sneaker,https://www.everlane.com/pages/factories/forever-sneaker,2026-05-19,20,770
everlane_web,factories/forever-sneaker,https://www.everlane.com/pages/factories/forever-sneaker,2026-05-19,21,PRODUCT TYPE
everlane_web,factories/forever-sneaker,https://www.everlane.com/pages/factories/forever-sneaker,2026-05-19,22,Shoes
everlane_web,factories/forever-sneaker,https://www.everlane.com/pages/factories/forever-sneaker,2026-05-19,23,EVERLANE PARTNER SINCE
everlane_web,factories/forever-sneaker,https://www.everlane.com/pages/factories/forever-sneaker,2026-05-19,24,2019
everlane_web,factories/form-sandal,https://www.everlane.com/pages/factories/form-sandal,2026-05-19,0,Martini
everlane_web,factories/form-sandal,https://www.everlane.com/pages/factories/form-sandal,2026-05-19,1,"We wanted the polished look of a clean leather shoe and the supportive comfort of a casual slide, and we finally found a factory that was up to the task."
everlane_web,factories/form-sandal,https://www.everlane.com/pages/factories/form-sandal,2026-05-19,2,"Located in Florence, this factory of just 18 employees is known worldwide for their uncanny craftsmanship—they create shoes for some of the most forward brands in fashion today."
everlane_web,factories/form-sandal,https://www.everlane.com/pages/factories/form-sandal,2026-05-19,3,How We Found It
everlane_web,factories/form-sandal,https://www.everlane.com/pages/factories/form-sandal,2026-05-19,4,"Because the factory is so small, it’s choosy about the brands it works with."
everlane_web,factories/form-sandal,https://www.everlane.com/pages/factories/form-sandal,2026-05-19,5,"Luckily, one of our longtime shoe partners introduced us to the owner, Mauro—and he just so happened to be an Everlane fan."
everlane_web,factories/form-sandal,https://www.everlane.com/pages/factories/form-sandal,2026-05-19,6,Ethical Manufacturing
everlane_web,factories/form-sandal,https://www.everlane.com/pages/factories/form-sandal,2026-05-19,7,"Martini opened in 1968 with a goal of making the highest quality, 100% Italian women’s shoes on the market."
everlane_web,factories/form-sandal,https://www.everlane.com/pages/factories/form-sandal,2026-05-19,8,"Nearly half a century later, they’ve stayed true to their promise, and they operate out of the same building under the same ethos."
everlane_web,factories/form-sandal,https://www.everlane.com/pages/factories/form-sandal,2026-05-19,9,"This factory takes vertical manufacturing to a whole new level—their showroom, offices, storage, and cutting machines are downstairs, while the factory is upstairs."
everlane_web,factories/form-sandal,https://www.everlane.com/pages/factories/form-sandal,2026-05-19,10,"Plus, the factory regularly donates to a number of charities, including ones for workers’ children, Down’s Syndrome, and a local theater (where one of the stitchers is a local actress)."
everlane_web,factories/form-sandal,https://www.everlane.com/pages/factories/form-sandal,2026-05-19,11,Did we mention they scored a perfect 100 on their compliance audit?
everlane_web,factories/form-sandal,https://www.everlane.com/pages/factories/form-sandal,2026-05-19,12,The Material
everlane_web,factories/form-sandal,https://www.everlane.com/pages/factories/form-sandal,2026-05-19,13,Our sandals are made of 100% Italian leather that’s super soft and just gets better with age.
everlane_web,factories/form-sandal,https://www.everlane.com/pages/factories/form-sandal,2026-05-19,14,"Plus, they have a molded footbed that’s made to support the unique shape of your foot."
everlane_web,factories/form-sandal,https://www.everlane.com/pages/factories/form-sandal,2026-05-19,15,And the quality?
everlane_web,factories/form-sandal,https://www.everlane.com/pages/factories/form-sandal,2026-05-19,16,You can’t dispute it—Mauro’s wife stresses over production the way an Italian mother would worry about her son not eating enough.
everlane_web,factories/form-sandal,https://www.everlane.com/pages/factories/form-sandal,2026-05-19,17,About the Owner
everlane_web,factories/form-sandal,https://www.everlane.com/pages/factories/form-sandal,2026-05-19,18,"The son of a shoemaker, Mauro has been in the business his whole life."
everlane_web,factories/form-sandal,https://www.everlane.com/pages/factories/form-sandal,2026-05-19,19,"He and his wife, Franca, work at the factory every day with their son, Simone, and his wife."
everlane_web,factories/form-sandal,https://www.everlane.com/pages/factories/form-sandal,2026-05-19,20,"You might also find Ophelia, Simone’s pet Pomeranian, roaming the factory floor."
everlane_web,factories/form-sandal,https://www.everlane.com/pages/factories/form-sandal,2026-05-19,21,FACTORY NAME
everlane_web,factories/form-sandal,https://www.everlane.com/pages/factories/form-sandal,2026-05-19,22,Simone Martini SRL
everlane_web,factories/form-sandal,https://www.everlane.com/pages/factories/form-sandal,2026-05-19,23,LOCATION
everlane_web,factories/form-sandal,https://www.everlane.com/pages/factories/form-sandal,2026-05-19,24,Italy
everlane_web,factories/form-sandal,https://www.everlane.com/pages/factories/form-sandal,2026-05-19,25,EMPLOYEE
everlane_web,factories/form-sandal,https://www.everlane.com/pages/factories/form-sandal,2026-05-19,26,PRODUCT TYPE
everlane_web,factories/form-sandal,https://www.everlane.com/pages/factories/form-sandal,2026-05-19,27,Leather Shoes
everlane_web,factories/form-sandal,https://www.everlane.com/pages/factories/form-sandal,2026-05-19,28,EVERLANE PARTNER SINCE
everlane_web,factories/form-sandal,https://www.everlane.com/pages/factories/form-sandal,2026-05-19,29,2016
everlane_web,factories/golden-star-co-ltd,https://www.everlane.com/pages/factories/golden-star-co-ltd,2026-05-19,0,Golden Star
everlane_web,factories/golden-star-co-ltd,https://www.everlane.com/pages/factories/golden-star-co-ltd,2026-05-19,1,"Originally linked up by way of an old connection, we found this facility on our quest to make great sneakers."
everlane_web,factories/golden-star-co-ltd,https://www.everlane.com/pages/factories/golden-star-co-ltd,2026-05-19,2,"Fortunately for us, the team proved that their expertise extends far beyond that."
everlane_web,factories/golden-star-co-ltd,https://www.everlane.com/pages/factories/golden-star-co-ltd,2026-05-19,3,"After our first run of sneakers, we were looking to try something entirely new with the woven upper of the Day Glove ReKnit, so we returned to Golden Star with the project."
everlane_web,factories/golden-star-co-ltd,https://www.everlane.com/pages/factories/golden-star-co-ltd,2026-05-19,4,It most certainly delivered.
everlane_web,factories/golden-star-co-ltd,https://www.everlane.com/pages/factories/golden-star-co-ltd,2026-05-19,5,Where We Found It
everlane_web,factories/golden-star-co-ltd,https://www.everlane.com/pages/factories/golden-star-co-ltd,2026-05-19,6,"Geographically speaking, it’s located southeast of Hanoi on a route that follows the Red River through arrestingly beautiful pastoral landscape as it makes its way to the South China Sea."
everlane_web,factories/golden-star-co-ltd,https://www.everlane.com/pages/factories/golden-star-co-ltd,2026-05-19,7,"But our stop came a bit before that, where we turned off the main road toward the small industrial park where Golden Star Co., Ltd. sits."
everlane_web,factories/golden-star-co-ltd,https://www.everlane.com/pages/factories/golden-star-co-ltd,2026-05-19,8,About The Factory
everlane_web,factories/golden-star-co-ltd,https://www.everlane.com/pages/factories/golden-star-co-ltd,2026-05-19,9,"To make exceptional footwear as complex as a sneaker, serious craftsmanship is needed at every step of the process."
everlane_web,factories/golden-star-co-ltd,https://www.everlane.com/pages/factories/golden-star-co-ltd,2026-05-19,10,"To perfect the Trainer and the Day Glove ReKnit, we worked together with the factory through many rounds of fit samples and design adjustments."
everlane_web,factories/golden-star-co-ltd,https://www.everlane.com/pages/factories/golden-star-co-ltd,2026-05-19,11,"From the pattern designers in the sample room who make fit adjustments, to the many technicians on the long assembly lines who hand-finish their designated constructions, nobody is slacking here."
everlane_web,factories/golden-star-co-ltd,https://www.everlane.com/pages/factories/golden-star-co-ltd,2026-05-19,12,All this excellent manual workmanship is complemented by the precision of high-end Italian machinery.
everlane_web,factories/golden-star-co-ltd,https://www.everlane.com/pages/factories/golden-star-co-ltd,2026-05-19,13,The team’s consistently high level of execution totally affirmed our confidence in this partnership.
everlane_web,factories/golden-star-co-ltd,https://www.everlane.com/pages/factories/golden-star-co-ltd,2026-05-19,14,FACTORY NAME
everlane_web,factories/golden-star-co-ltd,https://www.everlane.com/pages/factories/golden-star-co-ltd,2026-05-19,15,"Golden Star, Co. Ltd."
everlane_web,factories/golden-star-co-ltd,https://www.everlane.com/pages/factories/golden-star-co-ltd,2026-05-19,16,LOCATION
everlane_web,factories/golden-star-co-ltd,https://www.everlane.com/pages/factories/golden-star-co-ltd,2026-05-19,17,EMPLOYEE
everlane_web,factories/golden-star-co-ltd,https://www.everlane.com/pages/factories/golden-star-co-ltd,2026-05-19,18,PRODUCT TYPE
everlane_web,factories/golden-star-co-ltd,https://www.everlane.com/pages/factories/golden-star-co-ltd,2026-05-19,19,EVERLANE PARTNER SINCE
everlane_web,factories/golden-star-co-ltd,https://www.everlane.com/pages/factories/golden-star-co-ltd,2026-05-19,20,2020
everlane_web,factories/heel,https://www.everlane.com/pages/factories/heel,2026-05-19,0,Bellofatto
everlane_web,factories/heel,https://www.everlane.com/pages/factories/heel,2026-05-19,1,"When we set out to make our first heel, we knew we wanted quality that would stand the test of time (and long, busy days)."
everlane_web,factories/heel,https://www.everlane.com/pages/factories/heel,2026-05-19,2,"Located in the small town of Montopoli in Val D’Arno, Italy, Bellofatto has just 32 employees, and has been hand-crafting shoes with time-honored techniques for over 40 years."
everlane_web,factories/heel,https://www.everlane.com/pages/factories/heel,2026-05-19,3,Ethical Manufacturing
everlane_web,factories/heel,https://www.everlane.com/pages/factories/heel,2026-05-19,4,Bellofatto is known throughout the industry for its ethical practices and beautiful product.
everlane_web,factories/heel,https://www.everlane.com/pages/factories/heel,2026-05-19,5,"We were impressed by their organized process and keen attention to detail—unsurprisingly, they scored a whopping 91 on our compliance audit."
everlane_web,factories/heel,https://www.everlane.com/pages/factories/heel,2026-05-19,6,The Material
everlane_web,factories/heel,https://www.everlane.com/pages/factories/heel,2026-05-19,7,The simplest shapes often require the most detail.
everlane_web,factories/heel,https://www.everlane.com/pages/factories/heel,2026-05-19,8,"To create the timeless look we wanted for our Day Collection shoes, we needed a factory that could craft shoes the slow way."
everlane_web,factories/heel,https://www.everlane.com/pages/factories/heel,2026-05-19,9,What we found was a place that used time-tested practices to create just what we wanted.
everlane_web,factories/heel,https://www.everlane.com/pages/factories/heel,2026-05-19,10,"The leather for our Day Collection is the softest we’ve used—supple with a little spring, so it fits to your foot like a glove."
everlane_web,factories/heel,https://www.everlane.com/pages/factories/heel,2026-05-19,11,The Owner
everlane_web,factories/heel,https://www.everlane.com/pages/factories/heel,2026-05-19,12,"Two brothers, Pasquale and Aimone, co-own the factory."
everlane_web,factories/heel,https://www.everlane.com/pages/factories/heel,2026-05-19,13,"Pasquale is the technical partner and manages production, while Aimone manages leather sourcing and treatment."
everlane_web,factories/heel,https://www.everlane.com/pages/factories/heel,2026-05-19,14,"Originally from Naples, Pasquale and Aimone began as stitchers and became passionate about the shoe manufacturing process, eventually moving to Pisa to open their own business."
everlane_web,factories/heel,https://www.everlane.com/pages/factories/heel,2026-05-19,15,Another interesting tidbit: Pasquale makes his own honey from scratch.
everlane_web,factories/heel,https://www.everlane.com/pages/factories/heel,2026-05-19,16,FACTORY NAME
everlane_web,factories/heel,https://www.everlane.com/pages/factories/heel,2026-05-19,17,Bellofatto Aimone SRL
everlane_web,factories/heel,https://www.everlane.com/pages/factories/heel,2026-05-19,18,LOCATION
everlane_web,factories/heel,https://www.everlane.com/pages/factories/heel,2026-05-19,19,Italy
everlane_web,factories/heel,https://www.everlane.com/pages/factories/heel,2026-05-19,20,EMPLOYEE
everlane_web,factories/heel,https://www.everlane.com/pages/factories/heel,2026-05-19,21,PRODUCT TYPE
everlane_web,factories/heel,https://www.everlane.com/pages/factories/heel,2026-05-19,22,Leather Shoes
everlane_web,factories/heel,https://www.everlane.com/pages/factories/heel,2026-05-19,23,EVERLANE PARTNER SINCE
everlane_web,factories/heel,https://www.everlane.com/pages/factories/heel,2026-05-19,24,2016
everlane_web,factories/jiangmen,https://www.everlane.com/pages/factories/jiangmen,2026-05-19,0,Springdale Fashions
everlane_web,factories/jiangmen,https://www.everlane.com/pages/factories/jiangmen,2026-05-19,1,"Established in 1984, our factory in Jiangmen stands at the forefront of China’s specialized clothing production industry, focusing on one of fashion’s biggest markets: wovens."
everlane_web,factories/jiangmen,https://www.everlane.com/pages/factories/jiangmen,2026-05-19,2,"The factory is run by an owner with nearly half a century’s experience, and is making huge strides in the industry regarding social responsibility."
everlane_web,factories/jiangmen,https://www.everlane.com/pages/factories/jiangmen,2026-05-19,3,How We Found It
everlane_web,factories/jiangmen,https://www.everlane.com/pages/factories/jiangmen,2026-05-19,4,We were led to this southern China factory by its first-rate industry reputation.
everlane_web,factories/jiangmen,https://www.everlane.com/pages/factories/jiangmen,2026-05-19,5,"Famous for its quality and award-winning exports to the United States, Europe, and Japan, we knew we wanted to take a closer look."
everlane_web,factories/jiangmen,https://www.everlane.com/pages/factories/jiangmen,2026-05-19,6,Ethical Standards
everlane_web,factories/jiangmen,https://www.everlane.com/pages/factories/jiangmen,2026-05-19,7,"Just like us, owner Mr. Chiang takes ethical standards seriously."
everlane_web,factories/jiangmen,https://www.everlane.com/pages/factories/jiangmen,2026-05-19,8,"With just over 500 workers, Mr. Chiang works hard to keep the team happy enough to stick around—about 10 years on average (four times as long as the average factory worker in this region)."
everlane_web,factories/jiangmen,https://www.everlane.com/pages/factories/jiangmen,2026-05-19,9,The factory’s impressive employee-retention record contributed to its high score on our compliance audit.
everlane_web,factories/jiangmen,https://www.everlane.com/pages/factories/jiangmen,2026-05-19,10,"What attracted us to this factory in particular was Mr. Chiang’s Corporate Social Responsibility Program, which promotes the socioeconomic development of China’s youth by donating a percentage of profits to primary schools in rural China."
everlane_web,factories/jiangmen,https://www.everlane.com/pages/factories/jiangmen,2026-05-19,11,"In addition, he runs a yearly scholarship program for students in the region."
everlane_web,factories/jiangmen,https://www.everlane.com/pages/factories/jiangmen,2026-05-19,12,Materials & Process
everlane_web,factories/jiangmen,https://www.everlane.com/pages/factories/jiangmen,2026-05-19,13,Wovens aren’t easy to produce—they require specific cutting and tailoring to create the best fit for a wide range of wearers.
everlane_web,factories/jiangmen,https://www.everlane.com/pages/factories/jiangmen,2026-05-19,14,"Having seen their work for some of our favorite brands, we knew we needed to work with this factory to get the top-notch finish we envisioned."
everlane_web,factories/jiangmen,https://www.everlane.com/pages/factories/jiangmen,2026-05-19,15,About the Factory
everlane_web,factories/jiangmen,https://www.everlane.com/pages/factories/jiangmen,2026-05-19,16,"Mr. Chiang began his career in Hong Kong in 1977 running a single, small textile factory."
everlane_web,factories/jiangmen,https://www.everlane.com/pages/factories/jiangmen,2026-05-19,17,"After nearly a decade in the industry, he expanded his textile business into the Jiangmen factory that we manufacture in today, where he’s made corporate social responsibility a top priority."
everlane_web,factories/jiangmen,https://www.everlane.com/pages/factories/jiangmen,2026-05-19,18,"His longtime factory director, Ms. Liu, has overseen production on the floor for over 20 years."
everlane_web,factories/jiangmen,https://www.everlane.com/pages/factories/jiangmen,2026-05-19,19,FACTORY NAME
everlane_web,factories/jiangmen,https://www.everlane.com/pages/factories/jiangmen,2026-05-19,20,"Springdale (Jiangmen) Fashions, Ltd."
everlane_web,factories/jiangmen,https://www.everlane.com/pages/factories/jiangmen,2026-05-19,21,LOCATION
everlane_web,factories/jiangmen,https://www.everlane.com/pages/factories/jiangmen,2026-05-19,22,China
everlane_web,factories/jiangmen,https://www.everlane.com/pages/factories/jiangmen,2026-05-19,23,EMPLOYEE
everlane_web,factories/jiangmen,https://www.everlane.com/pages/factories/jiangmen,2026-05-19,24,100
everlane_web,factories/jiangmen,https://www.everlane.com/pages/factories/jiangmen,2026-05-19,25,PRODUCT TYPE
everlane_web,factories/jiangmen,https://www.everlane.com/pages/factories/jiangmen,2026-05-19,26,Wovens
everlane_web,factories/jiangmen,https://www.everlane.com/pages/factories/jiangmen,2026-05-19,27,EVERLANE PARTNER SINCE
everlane_web,factories/jiangmen,https://www.everlane.com/pages/factories/jiangmen,2026-05-19,28,2015
everlane_web,factories/pima-tees,https://www.everlane.com/pages/factories/pima-tees,2026-05-19,0,Lives SAC
everlane_web,factories/pima-tees,https://www.everlane.com/pages/factories/pima-tees,2026-05-19,1,"Located in Peru’s bustling capital city, our Lima factory first opened its doors in 1990—and has been producing top-quality goods ever since."
everlane_web,factories/pima-tees,https://www.everlane.com/pages/factories/pima-tees,2026-05-19,2,"A true family business, this small batch factory is operated by three self-made sisters who are motivated by transparency and ethical manufacturing methods."
everlane_web,factories/pima-tees,https://www.everlane.com/pages/factories/pima-tees,2026-05-19,3,"Without a doubt, the factory in Lima, Peru, is one of the most unique factories we’ve ever seen."
everlane_web,factories/pima-tees,https://www.everlane.com/pages/factories/pima-tees,2026-05-19,4,"The Telge sisters run a rare operation, producing high-quality garments for contemporary brands from America to Europe, all while keeping employee happiness a top priority."
everlane_web,factories/pima-tees,https://www.everlane.com/pages/factories/pima-tees,2026-05-19,5,How We Found It
everlane_web,factories/pima-tees,https://www.everlane.com/pages/factories/pima-tees,2026-05-19,6,We were looking for a factory that appreciates the details as much as we do.
everlane_web,factories/pima-tees,https://www.everlane.com/pages/factories/pima-tees,2026-05-19,7,"A friend with a passion for high-quality manufacturing pointed us to Lima, Peru."
everlane_web,factories/pima-tees,https://www.everlane.com/pages/factories/pima-tees,2026-05-19,8,"Before we decide to work with any factory, we always issue a strict “compliance audit,” which evaluates factors like employee happiness and environmental standards."
everlane_web,factories/pima-tees,https://www.everlane.com/pages/factories/pima-tees,2026-05-19,9,"Not only did the Lima factory earn one of the highest scores we’ve ever seen, but during our visit, we were struck by the obvious satisfaction of the employees—who, on average, stay for five or more years."
everlane_web,factories/pima-tees,https://www.everlane.com/pages/factories/pima-tees,2026-05-19,10,The Material
everlane_web,factories/pima-tees,https://www.everlane.com/pages/factories/pima-tees,2026-05-19,11,"Put simply, Peruvian Pima is the world’s best."
everlane_web,factories/pima-tees,https://www.everlane.com/pages/factories/pima-tees,2026-05-19,12,What hooked us was its unique harvesting and production process.
everlane_web,factories/pima-tees,https://www.everlane.com/pages/factories/pima-tees,2026-05-19,13,"Unlike most commercial cottons, Peruvian Pima is picked entirely by hand."
everlane_web,factories/pima-tees,https://www.everlane.com/pages/factories/pima-tees,2026-05-19,14,"Not only is it a more environmentally sound method, but this careful process ensures a softer, more pure, cotton fiber with a longer “staple” (or cotton strand)."
everlane_web,factories/pima-tees,https://www.everlane.com/pages/factories/pima-tees,2026-05-19,15,"The longer the staple, the smoother the hand-feel—and the higher the quality."
everlane_web,factories/pima-tees,https://www.everlane.com/pages/factories/pima-tees,2026-05-19,16,"That means whatever we make from Pima will last longer, remain brighter, and soften with each wash."
everlane_web,factories/pima-tees,https://www.everlane.com/pages/factories/pima-tees,2026-05-19,17,Bonus: they’ll also be hypoallergenic and highly resistant to pilling.
everlane_web,factories/pima-tees,https://www.everlane.com/pages/factories/pima-tees,2026-05-19,18,"Our Lima factory works with a 31-year-old mill in nearby San Luis, which processes the cotton from seed to finished fabric using the finest Swiss, German, and Italian machinery."
everlane_web,factories/pima-tees,https://www.everlane.com/pages/factories/pima-tees,2026-05-19,19,About the Owners
everlane_web,factories/pima-tees,https://www.everlane.com/pages/factories/pima-tees,2026-05-19,20,"If you ask any of the Telge sisters what they expect their factory to be in the future, they won’t say bigger, only better."
everlane_web,factories/pima-tees,https://www.everlane.com/pages/factories/pima-tees,2026-05-19,21,"Originally created by Theresa Telge—their mother and former family ranch owner—the factory is now run by her daughters, Veronica, Cecilia (known as “Ceci”) and Patricia."
everlane_web,factories/pima-tees,https://www.everlane.com/pages/factories/pima-tees,2026-05-19,22,FACTORY NAME
everlane_web,factories/pima-tees,https://www.everlane.com/pages/factories/pima-tees,2026-05-19,23,Lives
everlane_web,factories/pima-tees,https://www.everlane.com/pages/factories/pima-tees,2026-05-19,24,LOCATION
everlane_web,factories/pima-tees,https://www.everlane.com/pages/factories/pima-tees,2026-05-19,25,Peru
everlane_web,factories/pima-tees,https://www.everlane.com/pages/factories/pima-tees,2026-05-19,26,EMPLOYEE
everlane_web,factories/pima-tees,https://www.everlane.com/pages/factories/pima-tees,2026-05-19,27,398
everlane_web,factories/pima-tees,https://www.everlane.com/pages/factories/pima-tees,2026-05-19,28,PRODUCT TYPE
everlane_web,factories/pima-tees,https://www.everlane.com/pages/factories/pima-tees,2026-05-19,29,Knits
everlane_web,factories/pima-tees,https://www.everlane.com/pages/factories/pima-tees,2026-05-19,30,EVERLANE PARTNER SINCE
everlane_web,factories/pima-tees,https://www.everlane.com/pages/factories/pima-tees,2026-05-19,31,2015
everlane_web,factories/rain-boot,https://www.everlane.com/pages/factories/rain-boot,2026-05-19,0,New World Rubber
everlane_web,factories/rain-boot,https://www.everlane.com/pages/factories/rain-boot,2026-05-19,1,"The masters in making durable, waterproof rubber boots with minimal waste."
everlane_web,factories/rain-boot,https://www.everlane.com/pages/factories/rain-boot,2026-05-19,2,What It Takes
everlane_web,factories/rain-boot,https://www.everlane.com/pages/factories/rain-boot,2026-05-19,3,"In terms of construction, a rain boot is a whole different animal than a leather boot."
everlane_web,factories/rain-boot,https://www.everlane.com/pages/factories/rain-boot,2026-05-19,4,"To make these boots, we needed a partner factory that could compression-mold our custom lug outsoles, vulcanize rubber, and test that each boot is truly waterproof."
everlane_web,factories/rain-boot,https://www.everlane.com/pages/factories/rain-boot,2026-05-19,5,"As is our style, we sought out the industry experts."
everlane_web,factories/rain-boot,https://www.everlane.com/pages/factories/rain-boot,2026-05-19,6,Our connections led us two hours west of Shanghai to New World Rubber in Suzhou.
everlane_web,factories/rain-boot,https://www.everlane.com/pages/factories/rain-boot,2026-05-19,7,How It’s Made
everlane_web,factories/rain-boot,https://www.everlane.com/pages/factories/rain-boot,2026-05-19,8,"Rubber arrives at the facility in large blocks, ready to be ground, melted, and mixed to customer specifications."
everlane_web,factories/rain-boot,https://www.everlane.com/pages/factories/rain-boot,2026-05-19,9,"Ours is a 100% REACH-compliant recipe, meaning it abides by the European Union’s REACH regulation, which is designed to protect humans and the environment from hazardous chemicals."
everlane_web,factories/rain-boot,https://www.everlane.com/pages/factories/rain-boot,2026-05-19,10,"Once mixed to spec (more on that in a moment), the rubber is flattened and stretched to uniform thickness."
everlane_web,factories/rain-boot,https://www.everlane.com/pages/factories/rain-boot,2026-05-19,11,The individual pieces of rubber are then die-cut according to the pattern of the boot’s upper.
everlane_web,factories/rain-boot,https://www.everlane.com/pages/factories/rain-boot,2026-05-19,12,Here’s where there’s a bit of a problem—there’s a ton of extra rubber left over from the sheet that’s been cut.
everlane_web,factories/rain-boot,https://www.everlane.com/pages/factories/rain-boot,2026-05-19,13,What’s a factory to do?
everlane_web,factories/rain-boot,https://www.everlane.com/pages/factories/rain-boot,2026-05-19,14,"Well, New World Rubber has a pretty good idea: They grind it up, melt it down, and add it back to the main batch."
everlane_web,factories/rain-boot,https://www.everlane.com/pages/factories/rain-boot,2026-05-19,15,"Their research shows it can be reincorporated at a proportion of up to 40% without any measurable loss in quality, so that’s their recipe to make the sheets in the first place."
everlane_web,factories/rain-boot,https://www.everlane.com/pages/factories/rain-boot,2026-05-19,16,"This means our boots are made with 40% post-industrial recycled material, and it all comes from the factory’s own waste-diversion efforts."
everlane_web,factories/rain-boot,https://www.everlane.com/pages/factories/rain-boot,2026-05-19,17,Our custom-designed lug outsoles are created by heat-compressing the rubber in molds.
everlane_web,factories/rain-boot,https://www.everlane.com/pages/factories/rain-boot,2026-05-19,18,"To make the uppers, workers stretch the rubber pieces and the liners to fit the metal lasts, apply the elastic gores to the sides, hand-wrap the trim along the top edge of the shoe, and apply the outsole—all before going to QC checks."
everlane_web,factories/rain-boot,https://www.everlane.com/pages/factories/rain-boot,2026-05-19,19,But they aren’t finished yet.
everlane_web,factories/rain-boot,https://www.everlane.com/pages/factories/rain-boot,2026-05-19,20,"To make the most durable, waterproof rubber that won’t crack when it flexes, they use a process called vulcanization."
everlane_web,factories/rain-boot,https://www.everlane.com/pages/factories/rain-boot,2026-05-19,21,A quick sulfur spritz and an hour of high heat and high pressure make for a verifiably waterproof boot.
everlane_web,factories/rain-boot,https://www.everlane.com/pages/factories/rain-boot,2026-05-19,22,"After they cool down from the autoclave, every single boot gets a submersion test to prove their level of puddle protection."
everlane_web,factories/rain-boot,https://www.everlane.com/pages/factories/rain-boot,2026-05-19,23,"It’s a small step, but when it comes to major curbside water currents, there’s a big difference between wet socks and dry ones."
everlane_web,factories/rain-boot,https://www.everlane.com/pages/factories/rain-boot,2026-05-19,24,The Factory
everlane_web,factories/rain-boot,https://www.everlane.com/pages/factories/rain-boot,2026-05-19,25,"Their technical prowess drew us in, but it was ultimately their REACH compliance and materials recycling that made us certain of this partnership."
everlane_web,factories/rain-boot,https://www.everlane.com/pages/factories/rain-boot,2026-05-19,26,"As an added bonus, they use biomass pellets where possible to replace other fuel sources to heat their steam boilers."
everlane_web,factories/rain-boot,https://www.everlane.com/pages/factories/rain-boot,2026-05-19,27,FACTORY NAME
everlane_web,factories/rain-boot,https://www.everlane.com/pages/factories/rain-boot,2026-05-19,28,"Suzhou New World Rubber Co., Ltd."
everlane_web,factories/rain-boot,https://www.everlane.com/pages/factories/rain-boot,2026-05-19,29,LOCATION
everlane_web,factories/rain-boot,https://www.everlane.com/pages/factories/rain-boot,2026-05-19,30,China
everlane_web,factories/rain-boot,https://www.everlane.com/pages/factories/rain-boot,2026-05-19,31,EMPLOYEE
everlane_web,factories/rain-boot,https://www.everlane.com/pages/factories/rain-boot,2026-05-19,32,563
everlane_web,factories/rain-boot,https://www.everlane.com/pages/factories/rain-boot,2026-05-19,33,PRODUCT TYPE
everlane_web,factories/rain-boot,https://www.everlane.com/pages/factories/rain-boot,2026-05-19,34,Rubber Boots
everlane_web,factories/rain-boot,https://www.everlane.com/pages/factories/rain-boot,2026-05-19,35,EVERLANE PARTNER SINCE
everlane_web,factories/rain-boot,https://www.everlane.com/pages/factories/rain-boot,2026-05-19,36,2018
everlane_web,factories/silk,https://www.everlane.com/pages/factories/silk,2026-05-19,0,Profits Fund
everlane_web,factories/silk,https://www.everlane.com/pages/factories/silk,2026-05-19,1,Silk is a beautiful natural fiber.
everlane_web,factories/silk,https://www.everlane.com/pages/factories/silk,2026-05-19,2,But making it?
everlane_web,factories/silk,https://www.everlane.com/pages/factories/silk,2026-05-19,3,Not always so pretty.
everlane_web,factories/silk,https://www.everlane.com/pages/factories/silk,2026-05-19,4,Conventional silk production can wreak havoc on the environment.
everlane_web,factories/silk,https://www.everlane.com/pages/factories/silk,2026-05-19,5,"At Everlane, we’re always working to reduce our impact."
everlane_web,factories/silk,https://www.everlane.com/pages/factories/silk,2026-05-19,6,"So when we finally found a silk producer that shared our vision for a cleaner future, we partnered with them to relaunch our entire collection."
everlane_web,factories/silk,https://www.everlane.com/pages/factories/silk,2026-05-19,7,Silver LEED Certified
everlane_web,factories/silk,https://www.everlane.com/pages/factories/silk,2026-05-19,8,It’s no surprise that factories use a lot of energy.
everlane_web,factories/silk,https://www.everlane.com/pages/factories/silk,2026-05-19,9,AC.
everlane_web,factories/silk,https://www.everlane.com/pages/factories/silk,2026-05-19,10,Machines.
everlane_web,factories/silk,https://www.everlane.com/pages/factories/silk,2026-05-19,11,Lights.
everlane_web,factories/silk,https://www.everlane.com/pages/factories/silk,2026-05-19,12,LEED (Leadership in Environmental Design) is a rating system for energy efficiency at every level of operation.
everlane_web,factories/silk,https://www.everlane.com/pages/factories/silk,2026-05-19,13,"To become LEED-certified, our factory had to provide evidence of reduced energy consumption throughout all processes—from the machinery used, to the design of the building itself."
everlane_web,factories/silk,https://www.everlane.com/pages/factories/silk,2026-05-19,14,Less wasted energy.
everlane_web,factories/silk,https://www.everlane.com/pages/factories/silk,2026-05-19,15,Less carbon emissions.
everlane_web,factories/silk,https://www.everlane.com/pages/factories/silk,2026-05-19,16,Our partner factory was built from the ground up for energy efficiency.
everlane_web,factories/silk,https://www.everlane.com/pages/factories/silk,2026-05-19,17,"That means some of the biggest energy-wasting culprits—like AC, machinery, and lighting—have been redesigned to reduce energy consumption."
everlane_web,factories/silk,https://www.everlane.com/pages/factories/silk,2026-05-19,18,"Through this multi-pronged initiative, they’ve been able to earn Silver LEED certification—and they’re striving for Gold."
everlane_web,factories/silk,https://www.everlane.com/pages/factories/silk,2026-05-19,19,Efficiency Highlights
everlane_web,factories/silk,https://www.everlane.com/pages/factories/silk,2026-05-19,20,"By using water-cooled air-conditioning units and enormous, slow-moving fans (called—no joke—Big Ass Fans), they are able to consume 60% less energy while keeping the facility comfortable for the workers."
everlane_web,factories/silk,https://www.everlane.com/pages/factories/silk,2026-05-19,21,"With independent-motor sewing machines that draw no power when they’re not stitching, the stitching lines are also 60% more efficient."
everlane_web,factories/silk,https://www.everlane.com/pages/factories/silk,2026-05-19,22,"And, with huge windows and LED dome lights automatically adapt to the amount of natural light available, they have reduced energy consumption from lighting by 40%."
everlane_web,factories/silk,https://www.everlane.com/pages/factories/silk,2026-05-19,23,The Extra Details
everlane_web,factories/silk,https://www.everlane.com/pages/factories/silk,2026-05-19,24,"The onsite cafeteria, which they called the canteen, blew us away with the food they prepared for our lunch there, and the outdoor recreation equipment included everything from aerobic exercise machines to a basketball court (with bleachers)."
everlane_web,factories/silk,https://www.everlane.com/pages/factories/silk,2026-05-19,25,"Out front, we noticed a familiar-looking crop—mulberry trees—which are essential in silk production."
everlane_web,factories/silk,https://www.everlane.com/pages/factories/silk,2026-05-19,26,We learned that they run a test garden for different growing conditions to learn at a small scale before implementing any changes on their farms.
everlane_web,factories/silk,https://www.everlane.com/pages/factories/silk,2026-05-19,27,FACTORY NAME
everlane_web,factories/silk,https://www.everlane.com/pages/factories/silk,2026-05-19,28,NanChong Fashion Foundation Manufacturing Ltd
everlane_web,factories/silk,https://www.everlane.com/pages/factories/silk,2026-05-19,29,LOCATION
everlane_web,factories/silk,https://www.everlane.com/pages/factories/silk,2026-05-19,30,China
everlane_web,factories/silk,https://www.everlane.com/pages/factories/silk,2026-05-19,31,EMPLOYEE
everlane_web,factories/silk,https://www.everlane.com/pages/factories/silk,2026-05-19,32,383
everlane_web,factories/silk,https://www.everlane.com/pages/factories/silk,2026-05-19,33,PRODUCT TYPE
everlane_web,factories/silk,https://www.everlane.com/pages/factories/silk,2026-05-19,34,Wovens
everlane_web,factories/silk,https://www.everlane.com/pages/factories/silk,2026-05-19,35,EVERLANE PARTNER SINCE
everlane_web,factories/silk,https://www.everlane.com/pages/factories/silk,2026-05-19,36,2017
everlane_web,factories/technical-outerwear,https://www.everlane.com/pages/factories/technical-outerwear,2026-05-19,0,Unico Global
everlane_web,factories/technical-outerwear,https://www.everlane.com/pages/factories/technical-outerwear,2026-05-19,1,"Our technical outerwear factory in Bac Giang, Vietnam, has been producing technical, weather-ready garments for top brands since 1996—not to mention uniforms for the 2014 Sochi Olympics."
everlane_web,factories/technical-outerwear,https://www.everlane.com/pages/factories/technical-outerwear,2026-05-19,2,"Specializing in insulation-filling and seam-sealing, this factory has a particularly focused and technical approach to manufacturing, resulting in high-quality workmanship."
everlane_web,factories/technical-outerwear,https://www.everlane.com/pages/factories/technical-outerwear,2026-05-19,3,How We Found It
everlane_web,factories/technical-outerwear,https://www.everlane.com/pages/factories/technical-outerwear,2026-05-19,4,We’re always looking to work with factories that share our commitment to ethical manufacturing.
everlane_web,factories/technical-outerwear,https://www.everlane.com/pages/factories/technical-outerwear,2026-05-19,5,"When we were introduced to this factory in Bac Giang by a member of our production team, we were intrigued by their streamlined approach to creating product: all manufacturing happens under one roof, rather than in different factories."
everlane_web,factories/technical-outerwear,https://www.everlane.com/pages/factories/technical-outerwear,2026-05-19,6,We ended up choosing them because of their top-notch production methods and super-transparent business ethos.
everlane_web,factories/technical-outerwear,https://www.everlane.com/pages/factories/technical-outerwear,2026-05-19,7,The Material
everlane_web,factories/technical-outerwear,https://www.everlane.com/pages/factories/technical-outerwear,2026-05-19,8,"For our latest run of outerwear, we wanted to create a quality look and feel similar to those of our favorite high-end contemporary brands, which required us to find the best materials for the colder months—from the inside out."
everlane_web,factories/technical-outerwear,https://www.everlane.com/pages/factories/technical-outerwear,2026-05-19,9,"We sought out the perfect filler material for our men’s and women’s parkas and bombers, which needed to be light for ease of wear and portability, yet warm and layerable for the colder months."
everlane_web,factories/technical-outerwear,https://www.everlane.com/pages/factories/technical-outerwear,2026-05-19,10,We ended up choosing two distinct fill materials—PrimaLoft® sheeting and insulation—and used water-wicking poly-nylon on the outside.
everlane_web,factories/technical-outerwear,https://www.everlane.com/pages/factories/technical-outerwear,2026-05-19,11,The Process
everlane_web,factories/technical-outerwear,https://www.everlane.com/pages/factories/technical-outerwear,2026-05-19,12,"Much of this process is uniquely physical—filled jackets require special machines to insert the insulation material, but the rest is hand done."
everlane_web,factories/technical-outerwear,https://www.everlane.com/pages/factories/technical-outerwear,2026-05-19,13,"After filler material is shot into the garment section by section, jackets are hand-paddled to evenly distribute the material throughout the body."
everlane_web,factories/technical-outerwear,https://www.everlane.com/pages/factories/technical-outerwear,2026-05-19,14,About The Factory
everlane_web,factories/technical-outerwear,https://www.everlane.com/pages/factories/technical-outerwear,2026-05-19,15,"In Vietnam, mass manufacturers make up a large part of the landscape."
everlane_web,factories/technical-outerwear,https://www.everlane.com/pages/factories/technical-outerwear,2026-05-19,16,Our factory is different.
everlane_web,factories/technical-outerwear,https://www.everlane.com/pages/factories/technical-outerwear,2026-05-19,17,"The owner, Mr. Jang, produces for a small list of brands, choosing to be particular and focused rather than broad and generalized."
everlane_web,factories/technical-outerwear,https://www.everlane.com/pages/factories/technical-outerwear,2026-05-19,18,FACTORY NAME
everlane_web,factories/technical-outerwear,https://www.everlane.com/pages/factories/technical-outerwear,2026-05-19,19,"Unico Global VN Co., Ltd."
everlane_web,factories/technical-outerwear,https://www.everlane.com/pages/factories/technical-outerwear,2026-05-19,20,LOCATION
everlane_web,factories/technical-outerwear,https://www.everlane.com/pages/factories/technical-outerwear,2026-05-19,21,Vietnam
everlane_web,factories/technical-outerwear,https://www.everlane.com/pages/factories/technical-outerwear,2026-05-19,22,EMPLOYEE
everlane_web,factories/technical-outerwear,https://www.everlane.com/pages/factories/technical-outerwear,2026-05-19,23,2105
everlane_web,factories/technical-outerwear,https://www.everlane.com/pages/factories/technical-outerwear,2026-05-19,24,PRODUCT TYPE
everlane_web,factories/technical-outerwear,https://www.everlane.com/pages/factories/technical-outerwear,2026-05-19,25,Outerwear
everlane_web,factories/technical-outerwear,https://www.everlane.com/pages/factories/technical-outerwear,2026-05-19,26,EVERLANE PARTNER SINCE
everlane_web,factories/technical-outerwear,https://www.everlane.com/pages/factories/technical-outerwear,2026-05-19,27,2016
everlane_web,factories/underwear,https://www.everlane.com/pages/factories/underwear,2026-05-19,0,MAS Holdings
everlane_web,factories/underwear,https://www.everlane.com/pages/factories/underwear,2026-05-19,1,"MAS is a truly progressive factory group, as committed to serving their employees as they are to making the best products."
everlane_web,factories/underwear,https://www.everlane.com/pages/factories/underwear,2026-05-19,2,How We Met
everlane_web,factories/underwear,https://www.everlane.com/pages/factories/underwear,2026-05-19,3,"Back in 2014, we hosted one of our first dedicated Radical Transparency events in New York."
everlane_web,factories/underwear,https://www.everlane.com/pages/factories/underwear,2026-05-19,4,Mahesh Amalean came with his daughter—and the pair asked a lot of thoughtful (and hard) questions.
everlane_web,factories/underwear,https://www.everlane.com/pages/factories/underwear,2026-05-19,5,We liked them immediately.
everlane_web,factories/underwear,https://www.everlane.com/pages/factories/underwear,2026-05-19,6,"Little did we know that Amalean ran one of the largest factory groups in Sri Lanka, MAS, nor that one day he would produce our first line of underwear."
everlane_web,factories/underwear,https://www.everlane.com/pages/factories/underwear,2026-05-19,7,Why We Fell In Love
everlane_web,factories/underwear,https://www.everlane.com/pages/factories/underwear,2026-05-19,8,MAS has some of the most progressive operations we’ve seen.
everlane_web,factories/underwear,https://www.everlane.com/pages/factories/underwear,2026-05-19,9,They’re leading the way on ethical manufacturing in Sri Lanka.
everlane_web,factories/underwear,https://www.everlane.com/pages/factories/underwear,2026-05-19,10,Their work environment has been called “world-class” by New York Times journalist Thomas L. Friedman.
everlane_web,factories/underwear,https://www.everlane.com/pages/factories/underwear,2026-05-19,11,"And they have robust worker education programs for their largely female, 70,000-person workforce."
everlane_web,factories/underwear,https://www.everlane.com/pages/factories/underwear,2026-05-19,12,"From women’s health initiatives to financial planning training, they are committed to improving the lives of their workers."
everlane_web,factories/underwear,https://www.everlane.com/pages/factories/underwear,2026-05-19,13,Health Initiatives
everlane_web,factories/underwear,https://www.everlane.com/pages/factories/underwear,2026-05-19,14,"Knowing that breast cancer is the most common form of cancer for women in Sri Lanka, MAS Intimates runs a breast cancer awareness program focused on educating employees about early detection, causes, symptoms, and treatment options."
everlane_web,factories/underwear,https://www.everlane.com/pages/factories/underwear,2026-05-19,15,"By providing education and encouraging them to share information in their communities, this program is helping increase the knowledge and discussion about this and other once-taboo health issues in the rural communities."
everlane_web,factories/underwear,https://www.everlane.com/pages/factories/underwear,2026-05-19,16,MAS also works with the College of Community Physicians of Sri Lanka (CCPSL) to promote health targets that lead healthier lifestyles.
everlane_web,factories/underwear,https://www.everlane.com/pages/factories/underwear,2026-05-19,17,"The CCPSL helps educate individuals, with behavioral changes that will get them closer to their goals."
everlane_web,factories/underwear,https://www.everlane.com/pages/factories/underwear,2026-05-19,18,"They also provide experts for specialized employee wellness and health care services, including BMI checkups and testing for blood pressure, blood, and cholesterol."
everlane_web,factories/underwear,https://www.everlane.com/pages/factories/underwear,2026-05-19,19,MAS Intimates also provides in-house gyms and recreational sports teams for its employees.
everlane_web,factories/underwear,https://www.everlane.com/pages/factories/underwear,2026-05-19,20,Financial Training
everlane_web,factories/underwear,https://www.everlane.com/pages/factories/underwear,2026-05-19,21,"To help their employees establish and achieve their short-term and long-term goals, MAS guides them through setting targets and making a savings plan."
everlane_web,factories/underwear,https://www.everlane.com/pages/factories/underwear,2026-05-19,22,"To help ensure success, they also hold educational sessions and are able to use their size to secure special savings and loan rates for their employees."
everlane_web,factories/underwear,https://www.everlane.com/pages/factories/underwear,2026-05-19,23,Extra Credit
everlane_web,factories/underwear,https://www.everlane.com/pages/factories/underwear,2026-05-19,24,"MAS proudly participates in WRAP (Worldwide Responsible Accredited Production), The Ethical Trading Initiative, and The Sustainable Apparel Coalition (of which they are a founding member)."
everlane_web,factories/underwear,https://www.everlane.com/pages/factories/underwear,2026-05-19,25,From The (Co-)Owner
everlane_web,factories/underwear,https://www.everlane.com/pages/factories/underwear,2026-05-19,26,Why go to all of these lengths?
everlane_web,factories/underwear,https://www.everlane.com/pages/factories/underwear,2026-05-19,27,"“It’s just the right thing to do,” says Amalean, adding that he believes these choices will help transform the cultural landscape of his home country."
everlane_web,factories/underwear,https://www.everlane.com/pages/factories/underwear,2026-05-19,28,We think he’s onto something.
everlane_web,factories/underwear,https://www.everlane.com/pages/factories/underwear,2026-05-19,29,And we couldn’t be more proud to have MAS as our partner.
everlane_web,factories/underwear,https://www.everlane.com/pages/factories/underwear,2026-05-19,30,FACTORY NAME
everlane_web,factories/underwear,https://www.everlane.com/pages/factories/underwear,2026-05-19,31,"Casualine, Slimline, Ru Salu Clothing, Biyagama (Rapid), Linea, Courtlaulds Clothing Rajanganaya"
everlane_web,factories/underwear,https://www.everlane.com/pages/factories/underwear,2026-05-19,32,LOCATION
everlane_web,factories/underwear,https://www.everlane.com/pages/factories/underwear,2026-05-19,33,Sri Lanka
everlane_web,factories/underwear,https://www.everlane.com/pages/factories/underwear,2026-05-19,34,EMPLOYEE
everlane_web,factories/underwear,https://www.everlane.com/pages/factories/underwear,2026-05-19,35,11740
everlane_web,factories/underwear,https://www.everlane.com/pages/factories/underwear,2026-05-19,36,PRODUCT TYPE
everlane_web,factories/underwear,https://www.everlane.com/pages/factories/underwear,2026-05-19,37,"Activewear, Underwear, Knits"
everlane_web,factories/underwear,https://www.everlane.com/pages/factories/underwear,2026-05-19,38,EVERLANE PARTNER SINCE
everlane_web,factories/underwear,https://www.everlane.com/pages/factories/underwear,2026-05-19,39,2017
everlane_web,factories/vietnam-knits,https://www.everlane.com/pages/factories/vietnam-knits,2026-05-19,0,Nobland
everlane_web,factories/vietnam-knits,https://www.everlane.com/pages/factories/vietnam-knits,2026-05-19,1,"We started working with this factory in Ho Chi Minh City, Vietnam, in 2014."
everlane_web,factories/vietnam-knits,https://www.everlane.com/pages/factories/vietnam-knits,2026-05-19,2,"Before then, it had been on our wishlist for a long time."
everlane_web,factories/vietnam-knits,https://www.everlane.com/pages/factories/vietnam-knits,2026-05-19,3,"Known for their technical expertise and progressive culture, this factory stands apart from the rest, having worked with industry leaders and innovators."
everlane_web,factories/vietnam-knits,https://www.everlane.com/pages/factories/vietnam-knits,2026-05-19,4,Another bonus?
everlane_web,factories/vietnam-knits,https://www.everlane.com/pages/factories/vietnam-knits,2026-05-19,5,They’re led by a female president.
everlane_web,factories/vietnam-knits,https://www.everlane.com/pages/factories/vietnam-knits,2026-05-19,6,How We Found It
everlane_web,factories/vietnam-knits,https://www.everlane.com/pages/factories/vietnam-knits,2026-05-19,7,"When we began to expand our line, we needed to find a factory that could create more complex garments for us, while still maintaining the best environment for its employees."
everlane_web,factories/vietnam-knits,https://www.everlane.com/pages/factories/vietnam-knits,2026-05-19,8,"We searched for places with the best facilities and technical expertise, and this factory continued to stay at the top of our list."
everlane_web,factories/vietnam-knits,https://www.everlane.com/pages/factories/vietnam-knits,2026-05-19,9,"After a two-year dialogue, we began making products with them."
everlane_web,factories/vietnam-knits,https://www.everlane.com/pages/factories/vietnam-knits,2026-05-19,10,Black Friday Fund 2016
everlane_web,factories/vietnam-knits,https://www.everlane.com/pages/factories/vietnam-knits,2026-05-19,11,"In 2016, we partnered with this factory for our Black Friday Fund."
everlane_web,factories/vietnam-knits,https://www.everlane.com/pages/factories/vietnam-knits,2026-05-19,12,"Most of the population of Vietnam commutes via moped, and helmets are required by law."
everlane_web,factories/vietnam-knits,https://www.everlane.com/pages/factories/vietnam-knits,2026-05-19,13,The problem?
everlane_web,factories/vietnam-knits,https://www.everlane.com/pages/factories/vietnam-knits,2026-05-19,14,Safe helmets aren’t readily available.
everlane_web,factories/vietnam-knits,https://www.everlane.com/pages/factories/vietnam-knits,2026-05-19,15,"So when we asked our factory what they needed, they said helmets."
everlane_web,factories/vietnam-knits,https://www.everlane.com/pages/factories/vietnam-knits,2026-05-19,16,"We worked closely with their team to source high-quality, custom helmets for every single employee—all 8,000 of them."
everlane_web,factories/vietnam-knits,https://www.everlane.com/pages/factories/vietnam-knits,2026-05-19,17,About the Team
everlane_web,factories/vietnam-knits,https://www.everlane.com/pages/factories/vietnam-knits,2026-05-19,18,"Originally from South Korea, the owner of this factory has been running his business since the 1980s out of Seoul."
everlane_web,factories/vietnam-knits,https://www.everlane.com/pages/factories/vietnam-knits,2026-05-19,19,"We work with his Vietnam branch specializing in cut-and-sew knits, which is run by a female president."
everlane_web,factories/vietnam-knits,https://www.everlane.com/pages/factories/vietnam-knits,2026-05-19,20,"Since we started working with this factory, its employee base has doubled in size."
everlane_web,factories/vietnam-knits,https://www.everlane.com/pages/factories/vietnam-knits,2026-05-19,21,FACTORY NAME
everlane_web,factories/vietnam-knits,https://www.everlane.com/pages/factories/vietnam-knits,2026-05-19,22,Nobland Vietnam Co; Ltd.
everlane_web,factories/vietnam-knits,https://www.everlane.com/pages/factories/vietnam-knits,2026-05-19,23,LOCATION
everlane_web,factories/vietnam-knits,https://www.everlane.com/pages/factories/vietnam-knits,2026-05-19,24,Vietnam
everlane_web,factories/vietnam-knits,https://www.everlane.com/pages/factories/vietnam-knits,2026-05-19,25,EMPLOYEE
everlane_web,factories/vietnam-knits,https://www.everlane.com/pages/factories/vietnam-knits,2026-05-19,26,3100
everlane_web,factories/vietnam-knits,https://www.everlane.com/pages/factories/vietnam-knits,2026-05-19,27,PRODUCT TYPE
everlane_web,factories/vietnam-knits,https://www.everlane.com/pages/factories/vietnam-knits,2026-05-19,28,Knits
everlane_web,factories/vietnam-knits,https://www.everlane.com/pages/factories/vietnam-knits,2026-05-19,29,EVERLANE PARTNER SINCE
everlane_web,factories/vietnam-knits,https://www.everlane.com/pages/factories/vietnam-knits,2026-05-19,30,2013
everlane_web,factories/yupoong-vietnam,https://www.everlane.com/pages/factories/yupoong-vietnam,2026-05-19,0,Yupoong Vietnam
everlane_web,factories/yupoong-vietnam,https://www.everlane.com/pages/factories/yupoong-vietnam,2026-05-19,1,"While we’ve made quite a few knit hats, the skill set for making a baseball cap is entirely different."
everlane_web,factories/yupoong-vietnam,https://www.everlane.com/pages/factories/yupoong-vietnam,2026-05-19,2,We worked with a storied American vendor to find this facility outside of Ho Chi Minh City.
everlane_web,factories/yupoong-vietnam,https://www.everlane.com/pages/factories/yupoong-vietnam,2026-05-19,3,"They’re far from a small factory, but Yupoong uses its size and experience to ensure top quality in its products and the lives of its employees."
everlane_web,factories/yupoong-vietnam,https://www.everlane.com/pages/factories/yupoong-vietnam,2026-05-19,4,The Factory
everlane_web,factories/yupoong-vietnam,https://www.everlane.com/pages/factories/yupoong-vietnam,2026-05-19,5,"There are almost 1,500 people working in the production area at Yupoong Vietnam Co., and a high level of coordination was evident."
everlane_web,factories/yupoong-vietnam,https://www.everlane.com/pages/factories/yupoong-vietnam,2026-05-19,6,"Signage was clear, and there were lines taped on the floor to delineate where things should or should not go."
everlane_web,factories/yupoong-vietnam,https://www.everlane.com/pages/factories/yupoong-vietnam,2026-05-19,7,"The production areas are bright, clean, and operate super smoothly, and each employee looked comfortable in their workspace."
everlane_web,factories/yupoong-vietnam,https://www.everlane.com/pages/factories/yupoong-vietnam,2026-05-19,8,"Nobody appeared rushed, which is critical for the safest operation of manufacturing machinery."
everlane_web,factories/yupoong-vietnam,https://www.everlane.com/pages/factories/yupoong-vietnam,2026-05-19,9,"Away from the main production areas, you’ll find covered parking for the legion of motor scooters that the workers use for their daily commute, and open-air, communal dining spaces for the employees to eat their lunches with co-workers."
everlane_web,factories/yupoong-vietnam,https://www.everlane.com/pages/factories/yupoong-vietnam,2026-05-19,10,"Also popular at lunchtime: xiangqi (cờ tướng) games, complete with spectators waiting for their matchup."
everlane_web,factories/yupoong-vietnam,https://www.everlane.com/pages/factories/yupoong-vietnam,2026-05-19,11,The Product
everlane_web,factories/yupoong-vietnam,https://www.everlane.com/pages/factories/yupoong-vietnam,2026-05-19,12,We were delighted with the finished baseball caps.
everlane_web,factories/yupoong-vietnam,https://www.everlane.com/pages/factories/yupoong-vietnam,2026-05-19,13,"We were able to make a refined, minimal, and still-classic cap from a smooth, lightweight cotton poplin."
everlane_web,factories/yupoong-vietnam,https://www.everlane.com/pages/factories/yupoong-vietnam,2026-05-19,14,"Our discreet Everlane embroidery on the back was perfectly color-matched, and looked great."
everlane_web,factories/yupoong-vietnam,https://www.everlane.com/pages/factories/yupoong-vietnam,2026-05-19,15,"This is not surprising, with all of the embroidering this factory performs (sometimes as many as 30,000 stitches of embroidery per hat)."
everlane_web,factories/yupoong-vietnam,https://www.everlane.com/pages/factories/yupoong-vietnam,2026-05-19,16,"The brushed metal hardware for the band adjustment has a nice matte finish that won’t show off fingerprints or smudges, and clamps to securely hold the band."
everlane_web,factories/yupoong-vietnam,https://www.everlane.com/pages/factories/yupoong-vietnam,2026-05-19,17,"The resulting product is simple in effect, but higher quality than the typical baseball cap—just as we designed it."
everlane_web,factories/yupoong-vietnam,https://www.everlane.com/pages/factories/yupoong-vietnam,2026-05-19,18,FACTORY NAME
everlane_web,factories/yupoong-vietnam,https://www.everlane.com/pages/factories/yupoong-vietnam,2026-05-19,19,"Yupoong Vietnam Co., Ltd."
everlane_web,factories/yupoong-vietnam,https://www.everlane.com/pages/factories/yupoong-vietnam,2026-05-19,20,LOCATION
everlane_web,factories/yupoong-vietnam,https://www.everlane.com/pages/factories/yupoong-vietnam,2026-05-19,21,Vietnam
everlane_web,factories/yupoong-vietnam,https://www.everlane.com/pages/factories/yupoong-vietnam,2026-05-19,22,EMPLOYEE
everlane_web,factories/yupoong-vietnam,https://www.everlane.com/pages/factories/yupoong-vietnam,2026-05-19,23,2205
everlane_web,factories/yupoong-vietnam,https://www.everlane.com/pages/factories/yupoong-vietnam,2026-05-19,24,PRODUCT TYPE
everlane_web,factories/yupoong-vietnam,https://www.everlane.com/pages/factories/yupoong-vietnam,2026-05-19,25,Hats
everlane_web,factories/yupoong-vietnam,https://www.everlane.com/pages/factories/yupoong-vietnam,2026-05-19,26,EVERLANE PARTNER SINCE
everlane_web,factories/yupoong-vietnam,https://www.everlane.com/pages/factories/yupoong-vietnam,2026-05-19,27,2017
